lagoslakeid,lake_nhdid,lake_reachcode,lake_namegnis,lake_namelagos,lake_missingws,lake_shapeflag,lake_elevation_m,lake_centroidstate,latitude,longitude
72331,120018435,9020103002240,NA,NA,N,noflag,503.1,MN,47.10474,-95.48693
470288,121517145,17100301005483,NA,NA,Y,noflag,324.6,OR,43.238,-123.11032
77877,33529405,2020005000825,Cobleskill Reservoir,Cobleskill Reservoir; Cobleskill Reservoir-2 (Holding Pond),N,noflag,355.5,NY,42.66433,-74.44365
415054,103988765,12020003009322,NA,NA,N,noflag,16.5,TX,30.41064,-94.01283
89577,86672097,4020202002153,NA,NA,N,noflag,250.6,MI,46.21711,-85.14896
309221,{1A29EFC9-240A-4797-9A3B-E65306415F09},8090100015222,NA,NA,N,noflag,2,LA,29.83016,-90.00148
199421,117025151,3090204006526,NA,NA,N,noflag,1.3,FL,26.4879,-81.83554
162845,124230053,3050110001378,NA,NA,N,noflag,81.7,SC,33.94686,-80.77109
76611,c5225b37-849e-457d-8777-13edd3300f8f,10240001003297,NA,NA,N,noflag,303.9,NE,40.82869,-95.97052
398896,93337218,11130209016316,NA,NA,N,noflag,339.4,TX,33.48902,-98.79638
232762,39192169,3140106001895,NA,NA,N,noflag,21.8,FL,30.69343,-87.39812
197193,83710759,3090205025932,NA,NA,N,noflag,4.1,FL,26.73156,-81.4827
198415,{136EE2CA-4826-40A7-90E1-4755BBDB57BC},3090204036915,NA,NA,N,angular,3.4,FL,26.29778,-81.52699
209299,167165827,3100202009529,NA,NA,N,noflag,3.5,FL,27.49342,-82.46202
190251,125949765,3080103030178,NA,NA,N,noflag,7.4,FL,30.22653,-81.49674
8572,121838812,9020108004724,NA,NA,N,noflag,526.2,MN,47.25851,-95.53926
64405,122171791,1100004001047,Chalkers Millpond,Chalkers Millpond,N,noflag,6.1,CT,41.30386,-72.39771
437950,98377276,12090106001321,NA,NA,N,noflag,401.5,TX,31.51677,-99.09454
41592,136659649,1090002002776,Mill Pond,Mill Pond,N,noflag,20.3,MA,42.14046,-70.836
92126,66577349,7110002008419,NA,NA,N,noflag,202.9,MO,40.13621,-91.76431
349804,147307694,10160002008583,NA,NA,N,noflag,570.3,ND,46.91119,-99.06664
448930,96841070,13080002001814,Las Tablas Tank,Las Tablas Tank,N,noflag,201.2,TX,27.97234,-99.59466
210737,{96D7FAEF-FE9E-4313-B0E4-6A0FD96D4DDC},3100205008434,NA,NA,N,noflag,21.2,FL,28.18617,-82.30125
176455,79506344,3070102010951,NA,NA,N,noflag,89.5,GA,32.5736,-82.7235
406572,{a679b4c8-4a65-457b-8aa2-54a8f421a218},11140201009317,NA,NA,N,noflag,74.6,LA,32.93381,-93.7457
339612,139473602,10130105009897,NA,NA,N,noflag,565.2,SD,45.2381,-100.41175
168931,73947852,3060203010135,NA,NA,N,noflag,67.5,GA,32.394,-81.9341
12058,90767989,9030006003043,NA,NA,N,noflag,429.3,MN,47.89615,-94.24779
293288,151974975,8040306003571,NA,NA,N,noflag,16.8,LA,31.67554,-91.5057
344226,145419394,10130103006030,NA,NA,N,noflag,568.3,ND,46.68276,-99.46136
150443,155803515,3010204007898,NA,NA,N,noflag,27.5,VA,36.62888,-77.51525
56884,149996311,7140203005438,NA,NA,N,noflag,137.8,IL,38.72172,-89.40726
475452,120012918,18020163000033,NA,NA,N,noflag,5.3,CA,38.44806,-121.47868
474655,78562133,18020121001036,Summit Lake,Summit Lake,N,noflag,2036,CA,40.49292,-121.42339
62741,56134750,5140201011192,NA,NA,N,noflag,121.1,IN,37.96263,-87.29206
336178,154894200,10120202010926,NA,NA,N,noflag,969.7,WY,44.97034,-104.12003
458423,60943137,17010213001870,Arrowhead Lake,Arrowhead Lake,N,noflag,1814.6,MT,47.68157,-115.26152
330502,134319282,10110201003789,NA,NA,N,noflag,1150.4,MT,45.04456,-104.78065
256990,{d6c22ccc-8766-4d95-9cb4-dbba56bdd90d},4040001012116,NA,NA,N,noflag,208.4,IN,41.59767,-86.95992
168659,47119192,3060201010036,NA,NA,N,noflag,84.5,GA,33.06299,-82.31413
94198,145609190,7090005007642,NA,NA,N,noflag,172.9,IL,41.49697,-90.37732
252819,121373434,3170009003348,NA,NA,N,noflag,43.6,MS,30.59533,-89.30782
238272,06427a31-a66a-4150-a8ec-c994d91845a0,3150203011598,NA,NA,N,noflag,47.9,AL,32.3881,-87.35864
404772,93555445,11140101001355,NA,NA,N,noflag,150.9,OK,33.88949,-95.87541
160523,124230637,3050110001505,NA,NA,N,noflag,57.2,SC,33.92201,-81.17391
415672,104747064,12020003001041,NA,NA,N,noflag,3.3,TX,29.96688,-93.90741
387857,125248689,11090103001205,NA,NA,N,noflag,1535.8,NM,36.44872,-103.28392
351433,145283374,10160005001578,NA,NA,N,noflag,541.3,SD,45.32553,-97.76539
161076,122334510,3050109013523,NA,NA,N,noflag,168,SC,34.28376,-81.59347
156214,151896591,3030003002857,NA,NA,N,noflag,214,NC,35.87674,-79.88709
453580,80371079,14080102000247,Williams Creek Reservoir,Williams Creek Reservoir,N,noflag,2513.8,CO,37.51256,-107.22086
224719,136594537,3130002016454,NA,NA,N,noflag,206.1,GA,32.62663,-84.82728
332658,134313600,10110201013598,NA,NA,N,noflag,1047,MT,45.89186,-104.71182
197218,117039037,3090204029717,NA,NA,N,noflag,7.6,FL,26.44719,-81.45716
189782,112686438,3080102017086,Moore Pond,Moore Pond,N,noflag,12.8,FL,29.23136,-82.49744
448249,96840088,13080002001367,NA,NA,N,noflag,211.9,TX,28.2573,-100.13215
232994,74557494,3140301001307,NA,NA,N,noflag,117.1,AL,31.41229,-86.36032
54894,55352677,8020203030050,NA,NA,N,noflag,53.9,AR,34.7648,-90.66584
414066,108539021,12020006000534,Twin Lakes,Twin Lakes,N,noflag,64.7,TX,30.71679,-94.44871
127096,121543933,9020106001079,NA,NA,N,noflag,390.9,MN,47.05689,-95.90296
24406,91574639,7020007000904,NA,NA,N,noflag,311.4,MN,44.19661,-94.75034
296696,132432736,8060100003059,NA,NA,N,noflag,17.7,MS,31.69603,-91.36846
239200,eb6d1e7e-3fd7-4e06-917a-5217a159aeee,3150203011381,NA,NA,N,angular,50.4,AL,32.43979,-87.39461
172327,73949880,3060203003190,NA,NA,N,noflag,39.3,GA,32.26461,-81.81957
341935,131721875,10130302007036,NA,NA,N,noflag,717.5,SD,45.68589,-102.24039
51668,90586308,7120007990167,NA,NA,N,angular,234.5,IL,42.01387,-88.30702
290297,{56b2cecf-d2b8-470b-9865-b80d5a959ba2},8040206022833,NA,NA,N,noflag,42.4,LA,32.69008,-92.54169
230648,146919119,3130003004966,Bradleys Pond,Bradleys Pond,N,noflag,92.8,AL,32.31703,-85.0463
291613,{30b03bf8-a7b1-4a22-90cf-b0a2e8644f58},8040207010266,NA,NA,N,noflag,49.7,LA,32.46439,-92.35894
16289,92797661,1070001003028,NA,NA,N,noflag,139.7,NH,43.74999,-71.67452
430880,99563989,12060202021781,NA,NA,N,noflag,117.2,TX,31.56478,-97.08161
418447,92203482,12030108006626,NA,NA,N,noflag,109.7,TX,31.99432,-96.5335
168357,135939880,3060109004672,NA,NA,N,noflag,21,GA,32.40691,-81.29218
343716,131874084,10130301005191,NA,NA,N,noflag,768.7,SD,45.85775,-102.37522
131120,152429895,1030003026959,NA,NA,N,noflag,385.8,ME,45.13918,-69.88887
175396,74967805,3070106002430,Durrence Pond,Durrence Pond,N,noflag,50.1,GA,32.03495,-81.89672
59067,81000571,9030001006900,Astray Lake,Astray Lake,N,noflag,441,MN,47.9007,-91.58973
438649,110367588,12090302000522,NA,NA,N,noflag,45.6,TX,29.57173,-96.37317
79859,45460389,10300102005677,NA,NA,N,noflag,260.8,MO,39.19382,-92.16925
390031,137941001,11100104002642,NA,NA,N,angular,1096.7,TX,36.04677,-101.98261
306512,155753322,8080101042325,NA,NA,N,noflag,1.6,LA,30.00489,-91.55314
99973,{AAC1A98B-F356-4FF0-9FCF-A5621DBA1B76},4150402001888,NA,NA,N,noflag,283.4,VT,43.78013,-73.03615
305281,{e401bd42-25b8-41cd-bbcc-1f2fdee75969},8080202049409,NA,NA,N,angular,4.4,LA,30.05886,-92.2908
222960,48296839,3120002005784,NA,NA,N,noflag,86,GA,31.13207,-83.94434
342927,151679054,10130306011212,NA,NA,N,noflag,663.9,SD,45.30299,-101.59591
410025,133234508,11140206000952,NA,NA,N,noflag,95.9,LA,32.15758,-93.83747
109515,145757212,7080101001586,NA,NA,N,noflag,162.5,IA,41.37843,-91.07196
438916,74090341,12090107009925,NA,NA,N,elongate,452.4,TX,31.97041,-99.19831
351256,147907893,10160004002494,NA,NA,N,noflag,624.3,ND,46.0533,-98.9076
434500,102525732,12070201026544,NA,NA,N,noflag,296,TX,31.76547,-98.10894
44889,114544667,4010101003250,Little Wilson Lake,Little Wilson Lake; Wilson Lake,N,noflag,518.3,MN,47.6576,-91.06879
467631,132991301,17080005000921,Tradedollar Lake,Tradedollar Lake,N,noflag,1092.4,WA,46.35484,-122.23181
386352,46116112,11070101002228,NA,NA,N,noflag,365.5,KS,38.11826,-96.25191
257063,121208285,4040001004173,NA,NA,N,noflag,212.3,IN,41.41639,-87.05282
34041,107425087,10290108002858,NA,NA,N,noflag,248.9,MO,38.53871,-93.61147
428103,127548810,12050003000561,NA,NA,N,noflag,979.6,TX,33.53785,-101.88248
92268,106351911,9030001036215,NA,NA,N,noflag,379,MN,48.39725,-92.80058
319460,149574364,10040101012155,NA,NA,N,noflag,1006.3,MT,47.9674,-109.74985
427871,127560313,12050001001071,NA,NA,N,noflag,1178.1,TX,33.97326,-102.88959
139683,151950162,7050007002695,Jacobson Lake,Jacobson Lake,N,noflag,328.3,WI,45.32944,-91.59401
46444,66569307,7110002001208,NA,NA,N,noflag,269.7,MO,40.51473,-92.51973
156142,139367391,3030006027533,NA,NA,N,noflag,74.1,NC,35.45164,-78.63329
298953,09DD0D7E-77EC-447A-9FD4-6C0C7D542F53,8070202017366,NA,NA,N,noflag,5.6,LA,30.31484,-90.9723
333637,143760235,10110101007581,NA,NA,N,noflag,654.2,ND,48.11808,-101.65774
465379,51818109,17060209001246,Hard Butte Lake,Hard Butte Lake,N,noflag,2374.7,ID,45.26536,-116.21015
317186,53811771,10020001012741,NA,NA,N,noflag,2016,MT,44.62816,-111.81914
3708,155351274,5120106120169,Webster Lake,Webster Lake,N,noflag,259.4,IN,41.32457,-85.68121
49634,98656080,7140204012139,NA,NA,N,noflag,112.6,IL,38.22047,-89.89899
398162,147640026,11130302002420,NA,NA,N,noflag,485.9,OK,35.41819,-98.55144
235460,63005723,3140203009520,NA,NA,N,noflag,32.8,FL,30.90257,-85.95986
476394,84812990,18020002010539,Alkali Lake,Alkali Lake,N,noflag,1581.8,CA,41.25166,-120.60545
475458,129693427,18020159000830,NA,NA,N,noflag,30.9,CA,39.18064,-121.46122
150952,140580940,3010205064261,NA,NA,N,noflag,-0.8,NC,36.54091,-75.89131
383124,130170888,11070105010985,NA,NA,N,noflag,157,OK,35.84075,-95.36041
282051,127721761,8020401003148,NA,NA,N,noflag,53.4,AR,34.09435,-91.61566
135931,155427903,4100011005786,NA,NA,N,noflag,173.3,OH,41.43718,-82.88137
480911,43055313,18050001001824,NA,NA,N,noflag,2.4,CA,38.03882,-122.08475
306853,{1755f2fd-c5aa-497d-9595-5b3640085a38},8080202050233,NA,NA,N,noflag,0.6,LA,30.05733,-92.85979
48669,81002697,9030001020060,NA,NA,N,noflag,454,MN,47.72953,-91.8289
458658,59467815,17010203003797,NA,NA,N,noflag,1322,MT,46.94886,-113.08986
249520,123518692,3170004003073,NA,NA,N,noflag,75.8,MS,31.81899,-89.40849
446346,113368744,12110208013634,NA,NA,N,noflag,13.2,TX,26.46615,-97.93814
388828,130546366,11100303026486,NA,NA,N,noflag,261.9,OK,35.54834,-96.70518
410704,127107177,12010003007728,NA,NA,N,noflag,136.4,TX,32.9775,-95.60844
5693,136863131,1070004000862,Melendy Pond,Melendy Pond,N,noflag,126,NH,42.78128,-71.6589
462896,59017217,17040221001260,Howard Reservoir,Howard Reservoir,N,noflag,1748.8,ID,43.43803,-113.97015
425054,111771665,12040201001278,NA,NA,N,angular,0,TX,29.89669,-93.98002
300595,{860d565c-54af-437a-8f87-e6c65b5c6916},8070300007299,NA,NA,N,noflag,2.6,LA,30.55015,-91.47129
273537,139295403,6020001013803,NA,NA,N,noflag,285,GA,34.78223,-85.48448
180799,79507526,3070102011249,NA,NA,N,noflag,57.1,GA,32.51841,-82.84372
389636,137941985,11100104005076,NA,NA,N,noflag,1190,TX,35.89136,-102.38622
185171,107712211,3080101029663,NA,NA,N,noflag,5.8,FL,28.65467,-80.87648
382153,46195545,11070203001743,NA,NA,N,noflag,451.2,KS,38.51744,-96.61645
439509,92672693,12090205008269,NA,NA,N,noflag,213.8,TX,30.07041,-97.87158
53227,105232959,4020105001105,NA,NA,N,noflag,353.3,MI,46.72292,-88.38194
341396,132145201,10130101021360,NA,NA,N,noflag,564,ND,47.53752,-100.52521
176707,84141330,3070107013480,NA,NA,N,noflag,49.7,GA,32.20879,-82.29596
214130,133566834,3110202003215,NA,NA,N,noflag,80.8,GA,31.43819,-83.28449
438829,92409786,12090101000596,NA,NA,N,noflag,483.8,TX,31.6406,-99.83065
423369,93990372,12030201025975,NA,NA,N,noflag,57.2,TX,31.39106,-95.68869
373156,129495673,10270206006600,NA,NA,N,noflag,553.4,NE,40.4508,-98.31377
64310,149808549,1020002001008,Big Robar Pond,Big Robar Pond,N,noflag,259.3,ME,45.99049,-68.74754
398795,145235471,11130102000272,NA,NA,N,noflag,385.7,TX,34.25692,-99.29942
3977,122373760,1100001001785,Wheeler Pond,Wheeler Pond; MILL ROAD POND,N,noflag,203,MA,42.11817,-72.21168
12577,84198827,4130002001389,NA,NA,N,noflag,534.7,NY,42.6367,-78.20742
16392,167667198,2040202017451,NA,NA,N,noflag,10.4,NJ,39.71696,-75.39798
1217,70330587,7070001002185,Clair Lake,Clair Lake,N,noflag,518.8,WI,46.11242,-89.34746
467587,149957396,17080001017571,NA,Bull Run Reservoir No. 2,N,noflag,319.9,OR,45.45014,-122.1345
30686,155097406,7080208002456,NA,NA,N,noflag,239.2,IA,41.82427,-91.69991
236287,cbbbfe25-388e-48bc-95bc-4247682d1ed6,3150203011239,NA,NA,N,noflag,53.5,AL,32.4669,-87.38617
395723,144606706,11130203000867,NA,NA,N,noflag,341,OK,34.33161,-98.88245
242660,89500635,3150106003149,NA,NA,N,noflag,163.9,AL,33.78672,-85.9644
429684,97246735,12060204000629,Upper House Lake,Upper House Lake,N,noflag,321.9,TX,32.1165,-97.89405
60994,91235897,8020203024905,NA,NA,N,noflag,95.2,MO,36.61668,-90.15645
176233,79501252,3070102006916,NA,NA,N,noflag,99.6,GA,33.0661,-82.99755
265156,{732111f2-9010-4087-90ba-cd7a4794865e},5120201095724,NA,NA,N,angular,241.7,IN,40.10055,-85.97124
218497,134525950,3110201008687,NA,NA,N,noflag,37.6,GA,31.03708,-82.35062
234979,{D1808859-2D05-47E8-BB26-149D56EAAB68},3140101011677,NA,NA,N,noflag,15.5,FL,30.33747,-85.661
324521,136801546,10060003000632,NA,NA,N,noflag,677.8,MT,48.24064,-105.23053
13973,109988920,7120004001830,NA,NA,N,noflag,219,IL,41.84874,-88.13517
362298,63326194,10200201002806,NA,NA,N,noflag,426.9,NE,41.39701,-97.2367
465282,41300078,17060301001019,Bills Lake,Bills Lake,N,noflag,2062,ID,45.97032,-114.59193
414743,104740708,12020003007016,NA,NA,N,noflag,19.8,TX,30.685,-94.10776
289240,152791949,8040207000798,NA,NA,N,noflag,16.5,LA,32.38148,-92.1431
926,86445133,7030003000876,Little Bass Lake,Little Bass Lake,N,noflag,334.3,MN,46.22298,-92.97235
125067,45379502,7010202001357,Schafer Lake,Schafer Lake,N,noflag,376.1,MN,45.84089,-94.8255
437090,120750412,12090204010850,NA,NA,N,noflag,300.6,TX,30.74832,-98.49549
196941,{803DF42B-3B55-48BE-8089-4ECD44E16802},3090204042370,NA,NA,N,noflag,2.5,FL,26.12205,-81.77724
101417,121839029,9020108004802,NA,NA,N,noflag,352.3,MN,47.24341,-96.10534
408206,{1F84AC1B-19E0-4F6A-B04F-8D43D97D48FB},11140104011811,NA,NA,N,noflag,185.1,OK,34.48332,-96.32086
204351,68760566,3100206019126,NA,NA,N,noflag,5.1,FL,28.10755,-82.64565
60681,45726350,7010201008150,NA,NA,N,noflag,343.8,MN,45.64524,-94.35876
404779,93578733,11140101007559,NA,NA,N,angular,181.5,TX,33.68117,-95.85654
347819,143660343,10150003010031,NA,NA,N,noflag,1177.7,NE,41.92231,-102.35465
368498,{A1D466B5-160B-4A7E-B420-83D559C4363D},10250016015348,NA,NA,N,noflag,630.2,NE,40.26802,-98.85005
254070,121475099,3180002016726,NA,NA,N,noflag,110.9,MS,32.01341,-90.31706
365063,153747517,10210003011742,NA,NA,N,noflag,704.6,NE,41.5467,-99.14831
232420,35164654,3140202002818,NA,NA,N,noflag,71.4,FL,30.97606,-86.25189
14034,98653716,7140204002847,NA,NA,N,noflag,116,IL,38.2822,-89.91222
319714,130300789,10040102000837,Kingsbury Lake,Kingsbury Lake,N,noflag,970.7,MT,47.57336,-110.3739
384802,130168221,11070105000573,NA,NA,N,noflag,188,OK,36.00856,-95.63076
473664,104081527,18010205001363,NA,NA,Y,noflag,1291.5,CA,41.87247,-122.07368
275571,136619773,6040002001426,Lewisburg Reservoir,Lewisburg Reservoir,N,noflag,266.7,TN,35.40257,-86.83964
215608,80530127,3110204001953,NA,NA,N,noflag,123.2,GA,31.58888,-83.77873
327443,71772109,10090101001979,NA,NA,N,noflag,2521.7,WY,44.56918,-107.20464
286910,122917846,8030201009225,NA,NA,N,noflag,130,MS,34.59675,-89.67521
376620,127980343,11020002001830,Teller Reservoir,Teller Reservoir,N,noflag,1668.2,CO,38.44522,-104.82243
297533,32003D64-82B4-4EF0-97D6-4E66E7C7F782,8060100005140,NA,NA,N,noflag,21.7,LA,32.29982,-90.96096
398775,125338900,11130301005115,NA,NA,N,noflag,615.8,OK,35.84472,-99.48011
309367,{a6a95b0e-0bda-4698-9871-2eb7a3b0c944},8090302061115,NA,NA,N,noflag,1.2,LA,29.61734,-90.76858
25497,141290949,7070005008023,NA,NA,N,noflag,200.2,WI,43.17888,-90.61465
147744,{A313CF99-6115-4AE9-ABFE-0F4AC4D2E603},2080206017042,NA,NA,N,noflag,3.5,VA,37.13187,-76.68382
331831,143767095,10110101008233,NA,NA,N,noflag,605.4,ND,47.82058,-102.48287
258800,65782939,5020002000924,NA,NA,Y,noflag,338.4,WV,39.1904,-80.1677
152206,31410289,3020201017031,NA,NA,N,noflag,112.1,NC,35.93743,-78.35935
204124,165629733,3100208026940,Knight Lake,Knight Lake,N,noflag,29.4,FL,28.56614,-81.89761
115194,68838917,4030104002394,NA,NA,N,noflag,284.4,WI,45.20951,-88.39002
185168,{24B1BAA0-7BF9-4E86-B624-16C9F5FB222B},3080202019209,NA,NA,N,noflag,3.4,FL,28.92307,-80.88063
289628,{816d0710-18f9-4ffe-8de6-7643275bc6b3},8040303005730,NA,NA,N,noflag,79.1,LA,32.47752,-92.70088
300236,148046017,8070203001181,NA,NA,N,noflag,70.6,LA,30.8218,-90.59344
301061,156C2179-001E-4FF3-BD6D-26D7137771E2,8070202013687,NA,NA,N,noflag,36.7,LA,30.75291,-90.83901
291542,144961883,8040201007197,NA,NA,N,noflag,57.8,AR,33.5684,-92.5116
404139,133630165,11140304004965,NA,NA,N,noflag,51.9,LA,32.76061,-93.92856
47115,57117207,5030201002117,Caldwell Lake,Caldwell Lake,N,noflag,244,OH,39.77609,-81.52252
130610,90141395,5120201001391,NA,NA,N,noflag,207.4,IN,39.65651,-86.38831
146831,{CECDA7F3-3FB4-48CD-BC5B-EA9F924B1C57},2080205006630,NA,NA,N,noflag,65.2,VA,37.73654,-78.07448
236606,{AADC2D38-2362-4C29-A794-9304DCFFF6B3},3150201026870,NA,NA,N,noflag,47.1,AL,32.43555,-86.339340000000007
117346,44365976,4060106004541,Crane Lake,Crane Lake,N,noflag,210.7,MI,46.11381,-86.25524
200642,{F71908D6-2F24-49BA-95BD-6269FC1D50D5},3090206082759,NA,NA,N,noflag,2.1,FL,26.68843,-80.13897
290073,151975186,8040306003702,NA,NA,N,noflag,18,LA,31.59711,-91.53457
172755,49698257,3070103016406,NA,NA,N,noflag,128,GA,32.7821,-83.87966
1342,106351063,9030001036200,Cruiser Lake,Cruiser Lake,N,noflag,379.7,MN,48.49899,-92.81231
97761,107072030,4010201003005,NA,NA,N,noflag,415.9,MN,47.42488,-92.61682
317384,53812113,10020001012610,Swan Lake,Swan Lake,N,noflag,2016.3,MT,44.62985,-111.72834
466113,50372640,17060203001337,Goat Lake,Goat Lake,N,noflag,2702.7,ID,44.73472,-113.88163
65177,154348564,7130005007264,NA,NA,N,noflag,194.3,IL,40.79152,-90.28078
219820,133558157,3110202002738,NA,NA,N,noflag,103.7,GA,31.78617,-83.62814
394431,126935478,11120104001061,NA,NA,N,noflag,1082.4,TX,34.54478,-101.86767999999999
142571,112210300,2060002001417,NA,NA,N,noflag,13.1,MD,39.42647,-75.93217
179508,88996995,3070202001813,NA,NA,N,noflag,65,GA,31.77067,-82.48043
118170,53540547,2020004012059,NA,NA,N,noflag,719.1,NY,43.45273,-74.75483
187876,112617970,3080102005591,NA,NA,N,noflag,31.7,FL,28.51058,-81.77984
288477,147409600,8030206009479,NA,NA,N,noflag,37.4,MS,33.48481,-90.24883
422535,115387807,12030202002781,Saron Lake Number 4,Saron Lake Number 4,N,noflag,80.5,TX,31.02426,-95.27043
218942,80535955,3110204008812,NA,NA,N,noflag,80.2,GA,31.2779,-83.52565
298656,120775554,8060203001935,NA,NA,N,noflag,103.8,MS,32.19111,-90.39399
436508,98362828,12090106009729,NA,NA,N,noflag,448.6,TX,31.64328,-99.37195
240881,136276018,3150105009925,NA,NA,N,noflag,247,GA,34.06785,-85.30326
315253,147439620,9020203001388,Hillesland Lake,Hillesland Lake,N,noflag,454.5,ND,47.75144,-97.99668
74389,79318656,7140101005851,NA,NA,N,noflag,123.4,IL,38.7206,-90.06325
563,90347504,5120202005749,NA,SHAKE 1,N,noflag,164.7,IN,38.96713,-87.23065
65990,45337849,7010205001062,NA,NA,N,noflag,343.7,MN,45.0377,-94.6148
398771,138573229,11130101000698,NA,NA,N,noflag,421.4,OK,34.54432,-99.49856
119594,{4B60F0E8-C951-4941-98E1-F119DD38695E},4150408004531,NA,NA,N,noflag,137.2,VT,43.73302,-73.32661
349034,150497339,10150003005150,NA,NA,N,noflag,1091.7,NE,42.93821,-102.14752
126656,155417410,4060105003310,NA,NA,N,noflag,270.9,MI,45.00897,-85.15627
4748,70331069,7070001002273,Pioneer Lake,Pioneer Lake,N,noflag,509.3,WI,46.01686,-89.20609
337327,131173255,10130304004301,NA,NA,N,noflag,910.1,SD,45.08057,-103.44131
459937,60175934,17010101002240,NA,NA,N,noflag,859.1,MT,48.50277,-115.51167
9767,105764134,7110008013109,NA,NA,N,noflag,192,MO,38.80772,-90.90398
466396,51546650,17060205202099,NA,NA,N,noflag,2422.5,ID,44.48584,-115.09409
190800,83040521,3080203021558,NA,NA,N,noflag,7,FL,27.54658,-80.49746
207281,78216115,3100103002462,NA,NA,N,noflag,0,FL,26.47274,-82.16441
90312,50159081,10290202001266,NA,NA,N,noflag,239.1,MO,37.72065,-92.07057
223256,48298317,3120002006202,NA,NA,N,noflag,86.8,GA,31.08438,-84.0712
353713,145087453,10160003019453,NA,NA,N,noflag,547.8,SD,45.66976,-97.42863
244789,121580986,3160104002194,NA,NA,N,noflag,83.6,MS,33.81962,-88.89441
398112,147648100,11130302019383,NA,NA,N,noflag,426.7,OK,35.01389,-98.75126
42501,106373058,9030005001546,Pocquette Lake,Pocquette Lake,N,noflag,417.9,MN,47.90844,-93.29217
70164,69885988,7050002001487,NA,NA,N,noflag,477,WI,46.08,-90.24951
257110,{e5090124-7943-41d1-8574-0db5638a0a9e},4040001034244,NA,NA,N,noflag,228,IN,41.7242,-86.61563
23124,152839847,5080001002458,NA,NA,N,noflag,294.1,OH,40.29235,-84.13502
13942,42877492,7110009004695,NA,NA,N,noflag,146.9,IL,38.92851,-90.11804
209116,68755898,3100206018386,NA,NA,N,noflag,0,FL,27.99052,-82.59122
416596,62127991,12030105007048,NA,NA,N,noflag,119.2,TX,32.66559,-96.66526
378168,45843008,11030018001867,NA,NA,N,noflag,432.7,KS,37.44361,-96.6902
409783,127535489,11140306016232,NA,NA,N,noflag,117,TX,33.20867,-94.66764
386147,157639916,11070209001514,NA,NA,N,noflag,214.6,OK,36.42243,-95.23517
98545,103457700,1020004001800,Parker Pond,Parker Pond,N,noflag,151.3,ME,45.23551,-69.11451
359212,148190358,10180009014145,NA,NA,N,noflag,1150.8,NE,41.71727,-102.20622
382962,165911866,11070102007788,NA,NA,N,noflag,262.5,KS,37.51023,-95.81679
242330,90883295,3150202006774,NA,NA,N,noflag,140.4,AL,33.36048,-86.77965
129204,48781448,7140106003550,NA,NA,N,noflag,148.9,IL,38.13545,-89.5684
459735,63757991,17010211106310,NA,NA,N,noflag,1059.7,MT,47.79932,-113.79349
274487,139326702,6030001002409,NA,NA,N,noflag,200.3,AL,34.30578,-86.41304
285022,{5f398930-64b0-4115-88d7-91db2326e47d},8030204051034,NA,NA,N,noflag,112.2,MS,34.95883,-89.93529
184256,95820283,3070201011869,NA,NA,N,noflag,1,GA,31.00996,-81.45939
271627,{36d6e38b-edf1-4861-98b9-a8c1fa7c48b3},5140201050868,NA,NA,N,noflag,117.8,IN,38.00708,-86.85045
81564,86369905,7020005006720,NA,NA,N,noflag,378.9,MN,45.35485,-95.17787
480637,41658501,18050002002895,NA,NA,N,noflag,1,CA,38.22086,-122.31301
213736,114959401,3110102002018,NA,NA,N,noflag,2.4,FL,29.8925,-83.62605
92378,142825883,1010008005697,NA,NA,N,noflag,252,ME,47.17796,-68.78125
104339,155572952,7060004001987,NA,NA,N,noflag,332.1,IA,42.7678,-91.87069
176417,79505770,3070102003195,Brinkley Lake,Brinkley Lake,N,noflag,74.5,GA,32.62,-82.78495
408441,{B70B0E00-7965-41F2-8BF3-5F02959E302B},11140105012855,NA,NA,N,noflag,115.9,OK,33.96382,-95.26735
416224,79383159,12020007000425,NA,NA,N,noflag,1.5,TX,30.15358,-94.13828
252784,121376153,3170009020086,NA,NA,N,noflag,0,MS,30.38863,-89.39355
57434,146646253,4090003004022,NA,NA,N,noflag,320.2,MI,42.84914,-83.333
103405,154231640,7130010001226,NA,NA,N,noflag,171.9,IL,40.47824,-91.03686
246643,90620384,3160113002682,NA,NA,N,noflag,33.6,AL,32.98116,-87.7172
4262,74719139,7040007002658,Lake Arbutus,Lake Arbutus,N,noflag,269.1,WI,44.41659,-90.718
120713,155472292,5120111002295,NA,NA,N,noflag,155,IN,39.09039,-87.25866
351725,147290526,10160001001392,NA,NA,N,noflag,557.3,ND,47.54039,-99.90574
372511,34609430,10270102003135,NA,NA,N,noflag,293.6,KS,38.9955,-95.57816
398649,137688858,11130304000511,NA,Mill Creek Watershed 3 Reservoir,N,noflag,365.8,OK,34.56134,-96.86042
271038,{c9f76bbe-9056-49ed-80ac-e7d8e540e76a},5140201035935,NA,NA,N,noflag,168.6,IN,38.2087,-87.22011
283033,143707826,8020302003353,NA,NA,N,noflag,63.6,AR,35.0881,-91.23732
73078,45385934,7010202001690,NA,NA,N,noflag,335.5,MN,45.40376,-94.563
95976,155211086,5120112001957,NA,NA,N,noflag,184.7,IL,39.2805,-87.96708
46906,114543887,4010101003199,Strobus Lake,Strobus Lake,N,noflag,505,MN,47.75161,-90.74082
204440,68746224,3100206017319,NA,NA,N,noflag,9.6,FL,28.04215,-82.53037
161901,122335696,3050109014619,NA,NA,N,noflag,59.1,SC,34.05726,-81.19291
350830,145090489,10160005004368,NA,NA,N,noflag,557.8,SD,45.34016,-97.59839
429407,99528845,12060202004619,NA,NA,N,noflag,259.8,TX,32.37932,-97.43282
305031,{aa1651b2-843e-424f-9497-6b7cb015a774},8080202050017,NA,NA,N,noflag,2.4,LA,30.04833,-92.79267
37955,91682485,7030005004140,NA,NORTH CENTER POND,N,noflag,272.2,MN,45.42634,-92.83471
118984,86278055,9020103003073,Ottos Lake,Ottos Lake,N,noflag,413.3,MN,46.58082,-95.839340000000007
380889,148576038,11060005002317,NA,NA,N,noflag,302.7,OK,36.82753,-97.26754
428974,101224955,12060201034677,NA,NA,N,noflag,259.8,TX,32.53168,-98.00313
428059,128159704,12050004001236,NA,NA,N,noflag,678.4,TX,32.98849,-100.86063
343056,132139518,10130101018770,NA,NA,N,noflag,590.3,ND,47.67286,-100.91024
83203,26100938,2040205004785,NA,NA,N,noflag,19.4,DE,39.55934,-75.69245
413270,127112103,12010003012271,NA,NA,N,noflag,138.3,TX,32.69837,-95.49318
203610,56727615,3100102005457,NA,NA,N,noflag,0.6,FL,27.03906,-82.33457
271815,{e28567b4-8ecf-4329-9999-0d17470d880b},5140202032715,NA,NA,N,noflag,126.3,IN,38.07262,-87.43449
193074,{8BBEB58A-E975-4364-8097-39780B06D74E},3090204037929,NA,NA,N,noflag,0.7,FL,26.48164,-81.90413
261131,120023365,5100205038075,Herrington Lake,Herrington Lake,N,noflag,259.4,KY,37.69635,-84.72944
68260,54366606,8010100002197,NA,NA,N,noflag,129.2,KY,36.98578,-89.08646
142262,88075268,2040207001413,NA,NA,N,noflag,1.2,DE,39.15571,-75.43407
241221,{A05F3060-EABB-4CD0-9C95-6CBEED920C54},3150202009378,NA,NA,N,noflag,39.7,AL,32.43625,-87.12803
117983,107259085,10240012013703,NA,NA,N,noflag,314.8,MO,40.50408,-94.60834
288688,126666055,8030205022020,NA,NA,N,noflag,87,MS,33.89868,-89.82345
241407,95538375,3150201005663,Lake Wallock,Lake Wallock,N,noflag,73.5,AL,32.17053,-86.37471
354607,148622618,NA,NA,NA,N,noflag,565.6,ND,46.71544,-99.16813
337726,139478165,10130105014085,NA,NA,N,noflag,597.4,SD,44.56337,-100.84706
21419,123270852,9020305004579,NA,NA,N,noflag,340.1,MN,47.74246,-96.22171
460397,60786465,17010208000688,NA,NA,N,noflag,999,MT,48.4173,-114.02880999999999
302234,156836332,8080202031705,NA,NA,N,noflag,0.4,LA,29.98096,-92.95734
379794,107584637,11050002018071,NA,NA,N,noflag,384.1,OK,35.67953,-98.08137
382114,149407743,11060001003251,NA,NA,N,noflag,437.6,KS,37.48168,-96.58071
482579,{818C89F7-AC30-4E23-8724-E63C57FBF0DD},18070304005399,NA,NA,N,noflag,136.8,CA,32.77947,-116.86032
143931,{A4A60C79-7945-4364-8D31-C6EC2BAA2E4A},2070011007989,NA,NA,N,noflag,3.1,VA,38.49625,-77.31616
92439,{F7F47F70-6D3D-466A-8B7A-8051BC151128},1080101004163,NA,NA,N,noflag,351.3,VT,44.77926,-71.79101
81226,152707882,4050006004769,NA,NA,N,noflag,211.7,MI,42.96255,-85.78815
208336,{D1DD6314-EF4D-4EFF-998D-CCDA9754FAF2},3100205007539,NA,NA,N,noflag,30,FL,28.25757,-82.31463
205810,{A0B06165-E15B-4706-B2F0-51F65F9F4756},3100205008966,NA,NA,N,noflag,12.4,FL,28.15966,-82.39244
351353,148620786,10160003007497,NA,NA,N,noflag,393.6,SD,45.8653,-98.18376
59242,116099180,1100002000843,Dunham Pond,Dunham Pond,N,noflag,155.9,CT,41.79004,-72.2606
343126,145465716,10130102010373,NA,NA,N,noflag,553.4,ND,46.23899,-100.63203
170264,79453469,3060105003466,NA,NA,N,noflag,119.8,GA,33.63064,-82.40747
340887,144079082,10130305007077,NA,NA,N,noflag,911.7,SD,45.27273,-103.30866
478017,33991805,18030010002217,NA,NA,N,noflag,3177.2,CA,36.99557,-118.71662
461616,157384742,17020015007564,NA,NA,N,noflag,318.1,WA,47.05627,-119.35688
127493,151830598,5120114008228,NA,NA,N,noflag,166.4,IL,39.014,-88.68001
177476,52042897,3070101013397,NA,NA,N,noflag,117.8,GA,33.19057,-83.31095
61668,90128549,5120201007154,NA,NA,N,noflag,220.9,IN,39.48264,-86.40214
300348,133391687,8070201004232,NA,NA,N,noflag,60.3,LA,30.82628,-91.32657
241075,167743979,3150109007710,R L Harris Reservoir,R L Harris Reservoir,N,noflag,210.2,AL,33.28083,-85.63183
24590,98647428,7140204002678,NA,NA,N,noflag,129.7,IL,38.534910000000004,-89.6008
260779,38465315,5100205022069,NA,NA,N,noflag,248.9,KY,38.18401,-84.64741
110445,69549053,7030001002528,Crooked Lake,Crooked Lake,N,noflag,344.1,WI,45.64435,-92.30875
53469,56943544,5040004002520,NA,NA,N,noflag,257.5,OH,39.71281,-81.7337
28414,81639713,7010207004894,NA,NA,N,noflag,282.2,MN,45.5559,-93.2567
391636,85990152,11110104020897,NA,NA,N,noflag,120.8,OK,35.40337,-94.43287
303476,{099e50b8-62a3-417a-8d87-167b7eb17c41},8080201011833,NA,NA,N,angular,7.4,LA,30.19007,-92.30012
70324,120018449,9020106004109,NA,NA,N,noflag,446.9,MN,46.94007,-95.65359
326482,59312083,10080013000839,NA,NA,N,noflag,3191.3,WY,43.87208,-109.81989
232768,41226131,3140107001898,NA,NA,N,noflag,3.5,FL,30.40783,-87.34584
58775,37649299,7040001003418,4 Reservoir,4 Reservoir,N,noflag,258.4,WI,44.62213,-92.50861
231649,40517436,3140104001179,Locklin Lake,Locklin Lake,N,noflag,9.7,FL,30.62757,-87.04958
6749,155037601,7140202001800,Ramsey Lake,Ramsey Lake,N,noflag,174.9,IL,39.16327,-89.13112
274770,88566481,6030002017204,NA,NA,N,noflag,324.4,AL,34.34958,-86.4856
30531,59746509,7010104001728,Soderman Lakes,Soderman Lakes,N,noflag,381.6,MN,46.5032,-93.65777
442969,110553624,12100302000770,Rock Cliff Reservoir,Rock Cliff Reservoir,N,noflag,411.6,TX,29.7639,-99.14606
277012,{54fbab1d-97b7-439f-b23a-e6d13acd3146},7120001034044,NA,NA,N,noflag,245.4,IN,41.31618,-86.27327
290253,144964859,8040201009685,NA,NA,N,noflag,52.7,AR,33.2356,-92.63494
35134,151716767,1050002017713,NA,NA,N,noflag,63.6,ME,44.72177,-67.91669
331532,143767473,10110101026397,NA,NA,N,noflag,641.9,ND,47.86435,-101.24407
446251,128792879,12110110001018,NA,NA,N,noflag,167.7,TX,28.9066,-98.66786
161264,152805722,3050204001743,NA,NA,N,noflag,68,SC,33.48416,-81.05786
217097,133566621,3110202011042,NA,NA,N,noflag,92.4,GA,31.4571,-83.34351
249110,146507111,3160105004180,NA,NA,N,noflag,92.5,AL,33.47061,-88.17847
353434,148620554,10160003016504,NA,NA,N,noflag,417.6,ND,46.06436,-98.27969
427579,93270727,12040203000322,NA,NA,N,angular,15.8,TX,29.95526,-95.03396
258221,{ced8fa3e-0079-4606-bd28-97858e6c431e},4100003037038,NA,NA,N,noflag,269.4,IN,41.26213,-85.28026
426031,94888919,12040202009844,NA,NA,N,noflag,1.2,TX,29.57223,-94.50501
320718,151162475,10040104032196,NA,NA,N,noflag,966.9,MT,47.50548,-107.48187
338689,145469188,10130102004294,NA,NA,N,noflag,556.7,SD,45.76161,-100.66086
325134,55320671,10070005002917,NA,NA,N,noflag,1544.5,MT,45.36382,-109.89204
160611,89025927,3050102000686,J W Stowe Lake,J W Stowe Lake,N,noflag,188.5,NC,35.16727,-81.02502
199779,112032795,3090101027776,NA,NA,N,noflag,30,FL,28.37352,-81.48211
73717,56418031,2050305001743,NA,NA,N,noflag,319.8,PA,40.04274,-77.79596
316728,149087571,9020307000711,NA,NA,N,noflag,474.3,ND,47.98383,-98.01401
130191,130996681,10170203002870,NA,NA,N,noflag,505.4,SD,43.64709,-97.04506
2870,70332363,7070001002542,Arrowhead Lake,Arrowhead Lake,N,noflag,486.2,WI,45.90634,-89.69025
244069,122031743,3160102001484,NA,NA,N,noflag,126.2,MS,34.21816,-89.02815
443569,96962299,12110108000929,NA,NA,N,noflag,101.8,TX,28.39788,-98.60238
75510,86276345,9020103002767,Fischer Lake,Fischer Lake,N,noflag,415.3,MN,46.7157,-95.67595
221345,129955069,3120003001689,NA,NA,N,noflag,1.4,FL,30.02235,-84.44523
106777,141007770,1080204004474,NA,NA,N,noflag,293.2,MA,42.23263,-71.97862
352301,145090820,10160005003520,NA,NA,N,noflag,552.1,SD,45.3135,-97.5553
241243,95532843,3150201021521,NA,NA,N,noflag,99.6,AL,32.56365,-86.97155
420490,96053923,12030107004143,NA,NA,N,noflag,152.4,TX,32.68311,-95.97892
42696,122239309,1100006006899,NA,NA,N,noflag,0.9,CT,41.02186,-73.612
400573,144606111,11130203000854,NA,NA,N,noflag,320.4,OK,34.38032,-98.40246
66707,152517965,4050003002009,NA,NA,N,noflag,294.5,MI,42.40868,-84.88691
192604,107807525,3080101010199,Lake Jean,Lake Jean,N,noflag,18.9,FL,28.58878,-81.27673
377294,149772750,11030013002195,NA,NA,N,noflag,415,KS,37.76081,-97.5376
34298,107515260,4010102001846,NA,NA,N,noflag,404.7,MN,46.94077,-92.01064
401368,{B8D302F6-8F0E-46C2-A65C-EFAD08DCB81F},11140105012875,NA,NA,N,noflag,147.5,OK,34.01323,-95.32815
171693,129670617,3060204002063,NA,NA,N,noflag,6.7,GA,31.98961,-81.14862
427126,94893859,12040202000745,Knoll Ponds,Knoll Ponds,N,noflag,1.5,TX,29.55136,-94.44029
418484,62136805,12030105011242,NA,NA,N,noflag,101.4,TX,32.42578,-96.49062
331889,143752042,10110101018970,NA,NA,N,noflag,661.3,ND,48.33873,-102.25569
16112,86279989,9020103007289,NA,NA,N,noflag,419.2,MN,46.45745,-95.97704
475519,44596893,18020125005064,NA,NA,N,noflag,661.1,CA,39.2544,-121.07669
340979,139813005,10130204001521,NA,NA,N,noflag,763.7,ND,46.39197,-102.59736
80012,37097469,2020008005485,NA,NA,N,noflag,271,NY,41.64758,-74.01839
480059,120028087,18040001100851,NA,NA,N,noflag,34.3,CA,36.98385,-120.67747
11513,152192793,4100010001818,NA,NA,N,angular,209,OH,41.3475,-83.6638
468394,147815643,17090007005254,NA,NA,N,noflag,28.1,OR,45.15258,-123.05441
172100,73950766,3060203003239,NA,NA,N,noflag,56.2,GA,32.24811,-82.07721
320271,78389221,10040201002369,Flagstaff Reservoir,Flagstaff Reservoir,N,noflag,1600.7,MT,46.54678,-110.52736
18481,25998764,2040203008383,NA,NA,N,noflag,92.3,PA,40.3644,-75.30084
3146,155642027,4050001005367,Cree Lake,Cree Lake,N,noflag,287.2,IN,41.50689,-85.27385
258279,150997552,4100003003356,NA,NA,N,noflag,271.7,IN,41.53667,-84.8871
346791,144113166,10140103003222,NA,NA,N,noflag,486.9,SD,44.44934,-99.98547
276596,{8265D90F-32F0-4801-B0ED-C09966F76297},7090005007878,NA,NA,N,noflag,216,IL,42.39628,-89.02009
66112,70330193,7070001002119,Florence Lake,Florence Lake,N,noflag,522.7,MI,46.18822,-89.29334
73933,155429018,4100011002165,NA,NA,N,noflag,250.9,OH,40.8734,-83.33269
269358,51413209,5130203002260,NA,NA,N,noflag,184.9,TN,36.15989,-86.491
447710,53280730,13020207001791,NA,NA,N,noflag,1888.2,NM,35.1739,-107.38571
179084,95799771,3070201008229,NA,NA,N,noflag,73.6,GA,31.52343,-83.08671
373898,42081749,10270205001100,NA,NA,N,noflag,398.5,KS,39.91006,-96.57509
271478,40493830,5140205006717,NA,NA,N,noflag,119,KY,37.39129,-87.78289
231231,34974463,3130001002014,NA,NA,N,noflag,264.3,GA,33.90402,-84.39411
425988,93273817,12040203001712,NA,NA,N,angular,9.9,TX,29.84627,-94.91455
49427,86445349,7030003002390,NA,NA,N,noflag,320.6,MN,46.15604,-92.86278
405289,B57602E7-9A03-496A-9ECB-A218A351CA1C,11140304008501,NA,NA,N,noflag,73.1,TX,32.94779,-94.05122
322173,140717315,10050006001752,NA,NA,N,noflag,907.9,MT,48.75313,-110.57386
322995,138973607,10050008003561,NA,NA,N,noflag,805,MT,48.89629,-109.36774
156154,139368615,3030006027818,NA,NA,N,noflag,72.7,NC,35.32851,-78.5596
173647,74972161,3070106007769,NA,NA,N,noflag,63.1,GA,31.89974,-82.49856
415408,114046235,12020001016402,NA,NA,N,noflag,130.6,TX,32.33717,-95.63245
241109,150371970,3150204005732,NA,NA,N,noflag,10.7,AL,31.73538,-87.4457
322050,146383447,10050014001289,NA,NA,N,noflag,762.4,MT,48.13877,-107.71922000000001
89499,26282621,2040106001532,Indian Mountain Lake,Indian Mountain Lake,N,noflag,546.5,PA,41.0046,-75.50437
106468,106619067,7110001002589,NA,NA,N,noflag,248.5,IA,40.71402,-92.32548
41954,167784624,4130002007616,NA,NA,N,noflag,453.7,NY,42.67768,-78.0141
415261,117193973,12020005000957,Curtis Smith Lake,Curtis Smith Lake,N,noflag,107.3,TX,31.76207,-94.58726
35777,120020194,7020012001703,Lake Rose,Lake Rose,N,noflag,281.6,MN,44.8992,-93.48051
163471,141327500,3050101009520,NA,NA,N,noflag,251.2,NC,35.61658,-80.98062
241797,67501370,3150110007130,NA,NA,N,noflag,204.3,AL,32.66989,-85.49325
1900,76243380,7050005005033,NA,NA,N,noflag,343.3,WI,45.20938,-91.37673
86060,90768695,9030006003353,NA,NA,N,noflag,417.4,MN,47.8187,-93.6384
31579,47705517,7010101001905,Little Dixon Lake,Little Dixon Lake,N,noflag,397.9,MN,47.63156,-94.29931
319938,151161232,10040104003060,NA,NA,N,noflag,810,MT,47.74764,-107.1767
300517,{579820F5-3AC5-4920-BB5B-D6E36BECB74C},8070203006295,NA,NA,N,noflag,11.4,LA,30.52731,-90.55802
29406,{7fd45901-1486-4c91-8ed5-26bcb223392b},5120104062675,NA,NA,N,angular,272,IN,41.06542,-85.90473
179007,52038779,3070101004090,Parker Lake,Parker Lake,N,noflag,161.4,GA,33.59268,-83.18544
191984,112618450,3080102011129,NA,NA,N,noflag,34.3,FL,29.22791,-82.25164
469197,86617906,17090006000800,Willamette Log Pond,Willamette Log Pond; Willamette National Lumber Company Reservoir,N,noflag,201,OR,44.40495,-122.6636
314603,{28827994-B375-40DA-9283-5E38EF39D5BC},9020105004302,NA,NA,N,noflag,350,ND,46.00495,-97.23007
81723,123166470,7120001003423,NA,NA,N,noflag,205.4,IN,41.38675,-86.62302
217553,114937383,3110102017854,NA,NA,N,noflag,1.6,FL,30.13558,-83.88735
400115,134125058,11130303012980,NA,NA,N,noflag,317.2,OK,34.87905,-97.30628
158469,157640649,3040208000471,NA,NA,N,noflag,1.6,NC,33.88076,-78.53533
123864,56938002,5040004002266,NA,NA,N,noflag,299.3,OH,40.23439,-81.9276
43064,125569484,5030103007001,NA,NA,N,noflag,356.2,OH,40.89779,-81.15911
481002,41659037,18050002002986,NA,NA,N,noflag,0,CA,38.15105,-122.37294
170230,46692656,3060108004437,NA,NA,N,noflag,124.4,GA,33.35731,-82.47511
289450,{defcc4c1-babf-488c-80c0-980c66b82d0c},8040207010967,NA,NA,N,noflag,15,LA,31.76453,-91.70532
39575,57487321,2050306011142,NA,NA,N,noflag,162.4,PA,39.85189,-77.05238
370946,109069004,10270202006421,NA,NA,N,noflag,403.6,NE,40.1869,-96.72872
310521,{9b0c1e8a-904c-40f7-8d55-1e2c9b01005e},8090203051440,NA,NA,N,noflag,-0.6,LA,30.04456,-90.35975
460137,65221886,17010207001114,Jackstraw Lake,Jackstraw Lake,N,noflag,1871.4,MT,48.41152,-113.36252
158053,157640982,3040208001324,NA,NA,N,noflag,3.2,SC,33.83645,-78.65012
93182,155066910,7080205005491,NA,NA,N,noflag,308,IA,42.64603,-92.94847
466888,149198950,17070301006270,Heather Lake,Heather Lake,N,noflag,1706.1,OR,43.81217,-121.95661
256348,151096624,3180004004166,NA,NA,N,noflag,14.6,MS,30.62423,-89.80879
147676,61382847,2080105001545,Jiles Millpond,Jiles Millpond,N,noflag,34.4,VA,37.99302,-77.21091
96895,102672865,5010005001266,NA,NA,N,noflag,453.9,PA,41.35871,-79.12067
151430,150401275,3010102002682,NA,NA,N,noflag,214.4,VA,37.14531,-79.15649
88800,155853457,5120113000717,Lake Montclare,Lake Montclare,N,noflag,151.4,IL,38.70809,-87.98768
444260,100356337,12110104001022,NA,NA,N,noflag,218.5,TX,28.60432,-100.15686
279936,124629173,8010203001967,NA,NA,N,noflag,125.9,TN,36.16124,-88.77794
398380,134126195,11130303001954,NA,Roaring Creek Site 103 Reservoir,N,noflag,386.3,OK,34.83524,-97.92387
244599,90619140,3160113002474,Lake Lurleen,Lake Lurleen,N,noflag,73.6,AL,33.2914,-87.68162
435770,129982753,12080003001664,NA,NA,N,noflag,1193.6,NM,32.83381,-103.41376
411580,127276397,12010002025128,NA,NA,N,noflag,102.4,TX,32.38162,-94.90119
146152,{A0998652-1477-49B3-806D-92F34A63082C},2080207113130,NA,NA,N,noflag,145.2,VA,37.1598,-78.54352
41006,91679231,7010207007101,NA,NA,N,noflag,290.5,MN,45.59124,-93.13017
143429,{F341FD80-00A3-4C2B-AFF4-4A4B0283300D},2070011008022,NA,NA,N,noflag,32.7,VA,38.16345,-77.00069
264250,62685559,5120209007307,NA,NA,N,noflag,143.2,IN,38.34859,-86.96737
397412,144096093,11130202003373,NA,NA,N,noflag,425.3,OK,34.98783,-98.47623
262144,53378413,5110005000517,NA,NA,N,noflag,141.2,KY,37.62705,-86.87067
260135,{283b7eab-eb52-4186-b35a-706b821a7d9e},5090203057387,NA,NA,N,noflag,286.1,IN,38.97516,-85.22033
110175,124617304,4130001004037,NA,NA,N,noflag,75.4,NY,43.27268,-77.6569
162067,124230973,3050110003890,NA,NA,N,noflag,31.1,SC,33.82221,-80.88755
214774,80531759,3110204007069,NA,NA,N,noflag,92,GA,31.48038,-83.6113
179699,84142978,3070107014230,NA,NA,N,noflag,53.7,GA,32.08891,-82.23873
218441,134528623,3110201010466,NA,NA,N,noflag,36,GA,30.83852,-82.54434
149504,136642930,3010103002742,NA,NA,N,noflag,222.4,VA,36.67152,-79.80219
412910,127279839,12010002028378,NA,NA,N,noflag,97.2,TX,32.22972,-94.506
446978,136353358,13010001005060,NA,NA,N,noflag,3689.7,CO,37.90183,-107.1133
359362,115077107,10180005004196,NA,NA,N,noflag,2061.1,WY,41.96005,-105.9781
79847,105468951,10290105010326,Floyd Hines Lake,Floyd Hines Lake,N,noflag,261.9,MO,37.90674,-94.10348
422927,120845119,12030106000801,NA,NA,N,noflag,196.4,TX,33.22735,-96.71968
367008,148801293,10240006004647,NA,NA,N,noflag,320.5,NE,40.44531,-95.80588
418465,120851723,12030106017562,NA,NA,N,noflag,117.9,TX,32.62689,-96.51429
282362,52115373,8020100009452,NA,NA,N,noflag,55.7,AR,34.90338,-90.26364
196406,138362939,3090206038487,NA,NA,N,noflag,7.2,FL,27.30808,-80.39318
342498,147901290,NA,NA,NA,N,noflag,617,ND,46.22475,-99.37179
127249,130974288,7080102001720,NA,NA,N,noflag,275.3,IA,42.49418,-91.9495
233306,63037641,3140203010750,NA,NA,N,noflag,63.4,FL,30.72769,-85.53141
354130,{DE40DBBB-4D73-4654-B98B-B4330F97DFE6},10160003022689,NA,NA,N,noflag,418.6,ND,46.09157,-98.31545
73031,45359877,7010204001556,Pigeon Lake,Pigeon Lake,N,noflag,343.4,MN,45.30841,-94.6401
127092,80996043,9030001018005,NA,NA,N,noflag,433.4,MN,48.08996,-92.26315
147075,{2595340B-6903-4699-BE38-851A835EBF0B},2080105008557,NA,NA,N,noflag,44.4,VA,37.97442,-77.20293
204470,68763534,3100206019663,NA,NA,N,noflag,8.8,FL,27.56848,-82.50422
431870,102527674,12070201027504,NA,NA,N,noflag,365.7,TX,31.71388,-98.19639
193625,{F65A7E26-9019-4D67-AB54-99BF8667008B},3090101046182,NA,NA,N,noflag,20.5,FL,28.33068,-81.26676
104270,82555546,7020002001361,NA,NA,N,noflag,351,MN,45.502,-96.0422
2736,121623301,7120006001582,Lauderdale Lakes,Lauderdale Lakes; Green Lake; Middle Lake; Mill Lake,N,noflag,268.8,WI,42.77076,-88.56781
189674,{36930FBB-380C-4796-9753-F59F8DCB025E},3080101062243,NA,NA,N,noflag,7.3,FL,27.99528,-80.63627
101562,104504372,11070207009469,NA,NA,N,noflag,293.2,KS,37.37546,-94.80398
85737,59805513,7010106002289,NA,NA,N,noflag,441.4,MN,47.0373,-94.7194
456584,79647965,16030004004852,Yearns Reservoir,Yearns Reservoir,N,noflag,2277.3,UT,39.25463,-111.54302
187661,112695190,3080102017566,NA,NA,N,noflag,16.8,FL,29.45129,-82.45809
194717,{F631BDA0-CAEA-4E7E-ACE8-D0B34F5491D9},3090103015689,NA,NA,N,angular,22,FL,27.04228,-81.47688
447372,136495722,13010002001109,NA,NA,N,noflag,2308.4,CO,37.54491,-105.95985
178001,95812139,3070201010651,NA,NA,N,noflag,39.7,GA,31.28122,-82.67764
19976,59723121,7010105001663,NA,NA,N,noflag,382.4,MN,46.74078,-94.1107
196057,112050381,3090101038516,Saddlebags Lake,Saddlebags Lake,N,noflag,24.6,FL,27.29565,-81.35524
474740,62407289,18020123001713,Silver Lake,Silver Lake,N,noflag,2034.2,CA,39.69082,-120.67971
202079,{5E9A7651-D06A-4A15-B24F-71FA1527C70E},3090204041120,NA,NA,N,noflag,4.3,FL,26.26422,-81.69886
392228,69495933,11110203002283,NA,NA,N,noflag,84,AR,35.03251,-92.50313
413404,104027141,12010005013793,Dead Lake,Dead Lake,N,noflag,10.7,TX,30.48462,-93.71875
197760,138362679,3090206038243,NA,NA,N,noflag,4.8,FL,27.33825,-80.36887
381190,145192429,11060004001469,NA,NA,N,noflag,365.8,OK,36.95719,-98.03777
65976,45358783,7010204003988,NA,NA,N,noflag,388.6,MN,45.39218,-95.11491
82924,90770715,9030006001517,Jones Lake,Jones Lake,N,noflag,424.8,MN,47.60689,-93.67029
383554,131468376,11070107000808,Oknoname 143019 Reservoir,Oknoname 143019 Reservoir,N,noflag,203.2,OK,36.289790000000004,-95.83364
343959,143229379,10130303003156,NA,NA,N,noflag,643.3,SD,45.5201,-100.88227
85883,144571075,7110004015998,Stump Lake,Stump Lake,N,noflag,132,IL,39.1178,-90.67433
324887,143498533,10060007001165,NA,NA,N,noflag,675.5,MT,48.96793,-104.1649
64101,156098607,7130011002729,NA,NA,N,noflag,214.1,IL,40.02375,-91.03649
469693,129463450,17100103000960,Carlisle Lake,Carlisle Lake,N,noflag,151.1,WA,46.5799,-122.72707
108039,60091463,4060103001241,Stewart Lake,Stewart Lake,N,noflag,278.9,MI,44.07802,-85.7927
262925,34796425,5110001014278,NA,NA,N,noflag,211.1,KY,37.41634,-86.27044
468530,108048169,17090004005951,NA,NA,N,noflag,1470.3,OR,44.27146,-121.89961
55188,25592467,2040202002455,NA,NA,N,noflag,18.9,NJ,39.97067,-74.5932
113285,87959500,4140201007712,NA,NA,N,noflag,120.8,NY,43.05874,-76.77387
311524,144448524,9010007001073,NA,NA,N,noflag,723.8,ND,48.71993,-102.52749
212661,127397597,3110103000717,NA,NA,N,noflag,32.8,FL,30.50754,-83.65965
469969,142731977,17100307006266,Lost Creek Lake,Lost Creek Lake,N,noflag,553.9,OR,42.68584,-122.64725
102417,54366261,8010100001021,Fish Lake,Fish Lake,N,noflag,93.1,KY,37.05107,-89.09333
481808,37350307,18060005004202,NA,NA,N,noflag,573.8,CA,36.51802,-121.25348
136763,145165185,5120203000921,Barnes Lake,Barnes Lake,N,noflag,195,IN,39.4203,-86.89236
236103,122167946,3140101000887,Merial Lake,Merial Lake,N,noflag,13.6,FL,30.38873,-85.67525
427504,127148966,12040205003782,NA,NA,N,noflag,1.5,TX,29.05087,-95.2241
390832,65918873,11110201006573,NA,NA,N,noflag,130.3,AR,35.48445,-94.24667
281597,127754868,8020402002571,NA,NA,N,noflag,57,AR,34.39261,-91.64089
113686,149996258,7140203005387,NA,NA,N,noflag,150.5,IL,38.75134,-89.54673
151058,{67A7B5CE-EB29-4C04-97A6-9015790DA15B},3010102014979,NA,NA,N,noflag,199.8,VA,37.19439,-79.09522
329402,139622841,10100001004288,Barley Reservoirs,Barley Reservoirs,N,noflag,793.1,MT,46.39009,-106.3683
410731,127267519,12010002016987,NA,NA,N,noflag,133.8,TX,32.90683,-95.32382
481969,132735460,18070104000446,NA,NA,N,noflag,313.2,CA,34.12808,-118.83266
47697,91381085,10300104002763,Jaeger Lake,Jaeger Lake,N,noflag,243.9,MO,38.78661,-93.50193
146983,61383431,2080105001600,NA,NA,N,noflag,64.3,VA,37.94982,-77.45692
465804,52919263,17060208001283,Shell Rock Lake,Shell Rock Lake,N,noflag,2420.6,ID,44.81079,-115.59317
374923,39436149,10290101004649,NA,NA,N,noflag,305.7,KS,38.41631,-95.2138
27274,92081703,4150408014974,NA,NA,N,noflag,162.8,NY,44.47265,-73.63518
131879,155636267,4050001011347,Musser Lake,Musser Lake,N,noflag,283.1,MI,42.04102,-85.01888
268106,{9ba6eeb4-925c-489b-bca0-94285f5c439f},5120106116740,NA,NA,N,noflag,282,IN,41.27164,-85.57982
120741,149786631,5120115009083,NA,NA,N,noflag,113.2,IL,38.26175,-88.38567
110055,75659473,4030202010052,Little Horseshoe Bayou,Little Horseshoe Bayou,N,noflag,228.6,WI,44.35767,-88.82149
4475,{B7F703BD-C438-4745-9E52-09862290BD07},4150408012974,Saint Albans Reservoir North,Saint Albans Reservoir North; ST. ALBANS RESERVOIR_ NORTH,N,noflag,227,VT,44.76428,-73.0617
369662,144398427,10260006002305,NA,NA,N,noflag,524.3,KS,38.81559,-98.04256
351117,147307374,10160002002958,NA,NA,N,noflag,557.6,ND,46.96571,-99.16628
432384,102513778,12070201020765,NA,NA,N,noflag,441.2,TX,32.04201,-98.3555
445983,101088614,12110205009014,NA,NA,N,noflag,0.4,TX,27.20524,-97.54787
118515,167069463,4140202007354,NA,NA,N,noflag,468.7,NY,43.50183,-75.54519
179989,49693677,3070103015939,NA,NA,N,noflag,199.5,GA,33.28644,-84.10139
444814,69277401,12110107000608,NA,NA,N,noflag,254.9,TX,29.19735,-99.36496
261891,31962522,5110003001705,Coon Range Lake,Coon Range Lake,N,noflag,129.9,KY,37.03486,-86.94348
124110,76246360,7050005006284,NA,NA,N,noflag,220.7,WI,44.72767,-91.86475
330136,143744099,10110101006127,Rosten Slough,Rosten Slough,N,noflag,678.7,ND,48.63477,-103.20519
72614,33530029,2020005000866,Bear Gulch Pond,Bear Gulch Pond,N,noflag,640.1,NY,42.59188,-74.59476
337736,145464573,10130102009305,NA,NA,N,noflag,494.6,ND,46.77424,-100.81589
439024,68665727,12090206007575,NA,NA,N,noflag,332.3,TX,30.22454,-98.28672
281634,127754926,8020402002585,NA,NA,N,noflag,57.2,AR,34.37076,-91.55064
376296,133049368,11020001002163,NA,NA,N,noflag,2867.9,CO,39.1486,-106.29669
29970,132761434,1080206000703,Littleville Lake,Littleville Lake,N,noflag,158.1,MA,42.27796,-72.88676
361166,120654000,10190003002111,Webster Lake,Webster Lake,N,angular,1643.2,CO,39.91059,-104.98504
412748,104018361,12010005013466,NA,NA,N,noflag,2.7,TX,30.06188,-93.78302
503,105953947,9030002001616,Moose Lake,Moose Lake,N,noflag,403.7,MN,48.08133,-92.7899
193050,135208215,3090202054848,The Cutoff,The Cutoff,N,noflag,-0.3,FL,25.26844,-80.91658
250023,124545600,3170007002201,NA,NA,N,noflag,71.6,MS,30.98435,-89.38893
211053,51896671,3100204004369,NA,NA,N,noflag,43.1,FL,27.92614,-81.95916
118781,91681219,7030005008753,NA,NA,N,noflag,376.1,WI,45.476,-92.21219
306744,68441771,8080203008759,NA,NA,N,noflag,-0.1,LA,30.25394,-93.16778
235428,62997595,3140203009023,NA,NA,N,noflag,56.1,FL,30.79474,-86.09286
219895,114950789,3110102001829,NA,NA,N,noflag,12.3,FL,30.05304,-83.55271
133532,145607482,7090005007022,NA,NA,N,noflag,231.1,IL,42.02651,-89.46204
275610,{3C063451-809D-4B20-8FB4-BEA0339AB054},6040001012297,NA,NA,N,noflag,128.3,TN,35.43315,-88.34558
340415,144411652,10130101031064,NA,NA,N,noflag,620,ND,47.82114,-100.82806
77375,82957941,7020004001657,Gold Mine Lake,Gold Mine Lake,N,noflag,257.7,MN,44.62667,-95.19224
138768,120019641,7010204001569,NA,Mud Lake,N,noflag,366.9,MN,45.31002,-94.9229
84794,151948859,7050007005388,NA,NA,N,noflag,379.5,WI,45.65496,-91.51975
109060,76156905,4030105001228,Giese Lake,Giese Lake; Mud Lake,N,noflag,257.5,WI,45.13735,-88.18613
34599,56129476,5140201006101,NA,NA,N,noflag,140.6,IN,38.20189,-87.22754
83093,136692209,1090002003541,Miles Pond,Miles Pond,N,noflag,2.7,MA,41.55514,-70.64802
92137,66798449,7110007004260,NA,NA,N,noflag,137.9,MO,39.51332,-91.09129
304787,{a1dc696b-2566-47b6-84b9-9d993fca8954},8080101051894,NA,NA,N,noflag,0.5,LA,29.92795,-91.31849
183284,47012208,3070105005093,NA,NA,N,noflag,117.8,GA,32.50924,-83.32283
74360,123165870,7120001003331,NA,NA,N,noflag,239.6,IN,41.58333,-86.72114
356196,145088915,10170201009811,NA,NA,N,noflag,558.7,SD,45.50188,-97.32179
479696,153038715,18040003005868,NA,Meadow Lake,N,noflag,1.5,CA,37.99632,-121.34147
158395,155527605,3040204011836,NA,NA,N,noflag,5.6,SC,33.77511,-79.23011
178259,134187041,3070204006138,NA,NA,N,noflag,36,GA,30.58816,-82.26532
56011,45471691,10300102018864,NA,NA,N,noflag,254,MO,39.03318,-92.13855
266371,{2192db4b-60d8-4823-9ace-6977d57c4c8f},5120208079427,NA,NA,N,noflag,150.7,IN,38.84432,-86.65089
49509,157364693,7070003022936,NA,NA,N,noflag,264.4,WI,43.7441,-89.85097
5902,120803672,1080106001935,Lake Coniston,Lake Coniston; Long Pond,N,noflag,340.6,NH,43.44427,-72.12444
207740,78642003,3100101004459,Twin Lakes,Twin Lakes,N,noflag,36.8,FL,27.89423,-81.5948
124048,86367435,7020005002367,Marlu Lake,Marlu Lake,N,noflag,401.6,MN,45.59387,-95.29754
138713,69545757,7030001001950,NA,NA,N,noflag,301.4,WI,46.05984,-92.31317
376335,128019338,11020003001346,NA,NA,N,noflag,1703.5,CO,38.68337,-104.63454
290915,60822825,8040203008732,NA,NA,N,noflag,122.2,AR,34.5366,-92.51774
418792,93956416,12030201009602,NA,NA,N,noflag,124.7,TX,32.12952,-95.78885
371246,129500273,10270206008839,NA,NA,N,noflag,466.8,NE,40.21865,-97.82579
460709,147376246,17020002000811,NA,NA,N,noflag,1180.8,WA,48.78258,-118.98687
330446,143766795,10110101008222,NA,NA,N,noflag,645,ND,47.87897,-101.24783
102035,56940472,5040004007787,NA,NA,N,noflag,226.1,OH,39.8642,-82.11794
123557,25476078,2040201000884,NA,NA,N,noflag,33.8,NJ,40.06375,-74.49112
162515,92928842,3050106007440,NA,NA,N,noflag,102.6,SC,34.71948,-81.45766
434961,102513420,12070201020600,NA,NA,N,noflag,463,TX,32.03623,-98.82513
50095,68840465,4030104001015,Bass Lake,Bass Lake,N,noflag,473.7,WI,45.45291,-88.69792
112581,47486267,7030002001420,NA,NA,N,noflag,304.8,WI,45.97377,-92.10261
285595,{db706a81-a2f1-43ea-985e-67286e02a0f3},8030204051468,NA,NA,N,noflag,96.3,MS,34.76614,-89.98411
431094,97243437,12060204000605,NA,NA,N,noflag,405.2,TX,32.22914,-98.25452
292349,59853189,8040304006215,NA,NA,N,noflag,11.7,LA,31.45019,-92.21637
250715,124069024,3170005011604,NA,NA,N,noflag,64.5,MS,31.37804,-88.88494
332942,143746908,10110101006458,NA,NA,N,noflag,688.3,ND,48.53142,-102.32298
185016,107817907,3080101039575,NA,NA,N,noflag,16.6,FL,28.61481,-81.20555
292932,{20dcf0a8-97bd-4871-a511-cee49145d642},8040202008870,NA,NA,N,noflag,52.6,LA,32.96149,-92.38159
26510,42801654,7040003006649,NA,NA,N,noflag,199.4,WI,44.15448,-91.74232
381098,130255303,11060006001805,NA,NA,N,noflag,300.3,OK,36.73423,-96.71054
185373,{B8286E11-E0AB-4626-ACEF-B5031036D20F},3080203031077,NA,NA,Y,noflag,0.7,FL,27.55163,-80.36182
181938,79508820,3070102003307,NA,NA,N,noflag,95.6,GA,32.49636,-83.18253
356238,123211289,10170102002502,NA,NA,N,noflag,414.5,SD,43.0744,-97.16197
385274,131498276,11070106017752,NA,NA,N,noflag,228.4,OK,36.61563,-95.93059
366761,67084778,10220003005608,NA,NA,N,noflag,394.9,NE,41.82515,-96.73268
1758,80996097,9030001006021,Vera Lake,Vera Lake,N,noflag,424.2,MN,48.05614,-91.31187
452282,90185927,14050001002420,NA,NA,N,noflag,2533.6,CO,40.79248,-106.82227
129047,77017295,10300101016477,NA,NA,N,noflag,270.3,MO,39.26081,-94.48803
433809,95952783,12070104011071,NA,NA,N,noflag,36.6,TX,29.96079,-96.09534
264437,{4762edd1-f36d-41dd-b46c-e0af0e197f85},5120201095467,NA,NA,N,noflag,220.1,IN,39.94418,-86.0758
367850,145311198,10250003004268,NA,NA,N,noflag,1003.5,KS,39.77253,-101.81643
270353,136999046,5130108008958,NA,NA,N,noflag,555,TN,35.84185,-85.11811
283096,60290887,8020304004717,NA,NA,N,noflag,58.2,AR,34.88357,-91.00505
474441,111578657,18010211009677,NA,NA,N,noflag,1901,CA,41.23091,-122.55311
181393,49691781,3070103015536,NA,NA,N,noflag,225.6,GA,33.51043,-84.25301
29694,133216098,7130008006256,NA,NA,N,noflag,157.7,IL,39.86936,-89.71073
52858,105568878,9020302001275,Fessland Lake,Fessland Lake,N,noflag,390.4,MN,47.80124,-95.15311
136,{07A5A0F1-7130-44CD-A09D-32C5C3EFA895},4150500000209,Kidder Pond,Kidder Pond,N,noflag,355.9,VT,44.86972,-72.30733
477185,30982794,18030001003478,NA,NA,N,noflag,3438,CA,36.66731,-118.41891
263293,{497634bf-80cd-4bce-a248-e650fcc8b519},5120209053878,NA,NA,N,noflag,131.5,IN,38.3624,-87.36642
107457,157364648,7070003022894,NA,NA,N,noflag,259,WI,43.76751,-89.92334
85870,155716279,7090007003785,NA,NA,N,noflag,236.7,IL,41.30196,-90.15954
442905,128258122,12100403002243,NA,NA,N,noflag,1.4,TX,28.37909,-96.45228
423737,99371831,12040103005461,NA,NA,N,noflag,34.6,TX,30.21666,-95.27725
445864,140810353,12110204000810,NA,NA,N,angular,104.3,TX,27.77906,-98.30105
433206,97713975,12070103001586,Upper Club Lake,Upper Club Lake,N,noflag,142.3,TX,31.64017,-96.30076
337493,144079339,10130305007289,NA,NA,N,noflag,747.5,SD,45.29288,-102.22909
136660,86365381,7020005002057,NA,NA,N,noflag,383.6,MN,45.88193,-95.74314
61497,121859153,4060102002075,Myrtle Lake,Myrtle Lake,N,noflag,353.3,MI,43.95551,-85.26655
206864,68758124,3100206018517,NA,NA,N,noflag,18,FL,28.13722,-82.47056
148690,62589850,2080205001611,John L Lewis Lake,John L Lewis Lake,N,noflag,86.9,VA,37.54128,-77.90622
463059,45094810,17040218001990,NA,NA,N,noflag,2811.6,ID,43.78315,-114.1206
283049,143708070,8020302014374,NA,NA,N,noflag,58.9,AR,35.01802,-91.16482
76511,91238557,8020203026141,NA,NA,N,noflag,75.9,MO,36.1693,-90.2026
406098,109505821,11140305000588,NA,NA,N,noflag,138.2,TX,33.12989,-95.15196
252675,148142071,3170002005127,NA,NA,N,noflag,147.4,MS,32.33287,-88.53514
215963,133556794,3110202007799,NA,NA,N,noflag,113.6,GA,31.85766,-83.43935
102273,69885184,7050002001393,NA,NA,N,noflag,502.6,WI,46.1055,-89.55678
318064,129565478,10030201001796,NA,NA,N,noflag,1469.4,MT,48.22724,-112.84928
260457,40589649,5100201004415,NA,NA,N,noflag,315.7,KY,37.52545,-83.01719
423144,96073281,12030107000828,NA,NA,N,noflag,106.3,TX,32.40128,-96.24853
186572,112636118,3080102004119,Pace Lake,Pace Lake,N,noflag,20.8,FL,29.50823,-82.05072
190592,{3596990A-7731-42F0-97CF-3A24793F0431},3080201020183,NA,NA,N,noflag,5.9,FL,29.06053,-81.03314
467328,149199116,17070301006426,NA,NA,N,noflag,1266.9,OR,43.87517,-121.45837
369122,144998412,10250012000456,Atwood Lake,Atwood Lake,N,noflag,864.7,KS,39.81588,-101.04157
205430,58676431,3100207012111,NA,NA,N,noflag,5.5,FL,28.23375,-82.67426
156265,46365324,3030002013418,NA,NA,N,noflag,209.9,NC,36.16712,-79.57128
242347,95536621,3150201005512,NA,NA,N,noflag,47.9,AL,32.26633,-86.71533
481796,27613629,18060006008488,NA,NA,N,noflag,249.7,CA,36.42512,-121.72823
437843,92408792,12090101011143,NA,NA,N,noflag,512,TX,31.69274,-100.06896
70088,45380648,7010202001432,NA,NA,N,noflag,386.4,MN,45.7921,-94.9548
368999,129517026,10250016008914,Frerichs Reservoir,Frerichs Reservoir,N,noflag,650.8,NE,40.21611,-99.06305
366859,148243317,10220001006756,NA,NA,N,noflag,514.4,NE,42.06494,-97.73612
417692,96073531,12030107013716,NA,NA,N,noflag,110.7,TX,32.39504,-96.16579
303159,67995574,8080204002864,NA,NA,N,noflag,66.8,LA,31.07904,-92.86212
310905,144408252,9010003001261,Black Lake,Black Lake,N,noflag,640.2,ND,48.93086,-100.49546
226355,72190392,3130006001730,NA,NA,N,noflag,109.1,GA,32.33593,-83.93588
85636,40202174,5140203304141,NA,NA,N,noflag,102.4,IL,37.32904,-88.66811
372842,109063626,10270202001219,NA,NA,N,noflag,407.4,NE,40.46033,-96.92493
9968,120019567,7010101005964,NA,NA,N,noflag,409.9,MN,47.63641,-94.78573
265990,{89a4fa37-3970-448a-9304-21801c2ea5b5},5120201038286,NA,NA,N,noflag,305.1,IN,40.13333,-85.27551
308931,{c94bf836-d52d-44b8-a191-b4b964ceac7a},8090203055818,NA,NA,N,noflag,-1.6,LA,30.01964,-89.94423
240314,90883039,3150202006694,NA,NA,N,noflag,200.5,AL,33.41964,-86.87
283373,143707691,8020302014160,Sevenmile Lake,Sevenmile Lake,N,noflag,57.7,AR,35.14473,-91.40314
240512,89423161,3150107002614,NA,NA,N,noflag,77.6,AL,32.67967,-86.29668
371080,34609732,10270102003143,NA,NA,N,noflag,309.4,KS,38.98704,-95.5821
181700,52043311,3070101013497,NA,NA,N,noflag,169.6,GA,33.04039,-83.53894
164761,92927996,3050106009197,NA,NA,N,noflag,228.5,SC,35.04032,-81.26861
479539,66758003,18040009002139,Kibbie Lake,Kibbie Lake,N,noflag,1986.4,CA,38.0538,-119.84588
292624,151974959,8040306000812,Shanty Lake,Shanty Lake,N,noflag,15.8,LA,31.69606,-91.67758
10914,42877750,7110009004816,Bernard Lake,Bernard Lake,N,noflag,128.8,MO,38.9186,-90.66379
51577,151948936,7050007005450,NA,NA,N,noflag,383.5,WI,45.64987,-91.73223
159379,112781080,3040101013382,NA,NA,N,noflag,227.1,NC,36.08878,-80.45264
182748,74975147,3070106008476,Otter Lake,Otter Lake,N,noflag,11.7,GA,31.70396,-81.86205
307714,{2401b0fb-98bd-4de1-97eb-b531e8bc27a1},8080202048198,NA,NA,N,noflag,0.5,LA,29.96952,-92.98121
311334,143178754,9010004001930,Duck Lake,Duck Lake,N,noflag,644.2,ND,48.92519,-100.39613
229645,136594049,3130002004728,NA,NA,N,noflag,233.4,GA,32.75069,-84.99424
39223,86279659,9020103007174,NA,NA,N,noflag,471.9,MN,46.4775,-96.03234
405622,{af1114f3-ca25-4029-a57a-dea5e2bf8d43},11140203017340,NA,NA,N,noflag,53.4,LA,32.53394,-93.28226
208992,58668877,3100207010847,NA,NA,N,noflag,2.9,FL,27.91974,-82.77697
336217,154899974,10120202013506,NA,NA,N,noflag,928.3,SD,44.71219,-103.83389
200294,{9CF28938-A19D-40E8-A3F3-002BA7EA9BF8},3090206078687,NA,NA,N,noflag,1,FL,25.83605,-80.37317
321185,135844843,10040205001177,NA,NA,N,noflag,874.8,MT,47.40685,-108.6018
85725,120020012,7010104002303,Goose Lake,Goose Lake,N,noflag,368.2,MN,46.12204,-94.42697
372748,86463801,10270201002324,NA,NA,N,noflag,489.9,NE,41.08985,-97.43094
1971,120019257,9030001007100,Perent Lake,Perent Lake,N,noflag,492.3,MN,47.79851,-91.13758
270455,40494344,5140205007215,NA,NA,N,noflag,124.4,KY,37.33152,-87.54799
204071,78643195,3100101004294,NA,NA,N,noflag,39.4,FL,28.10015,-81.93723
190254,107809157,3080101038249,Lake Cathy,Lake Cathy,N,noflag,24.7,FL,28.52013,-81.47618
101692,47721669,2020002003219,NA,NA,N,noflag,524.9,NY,43.47743,-74.34725
58962,44746567,7140105005749,NA,NA,N,noflag,103.2,IL,37.40077,-89.4007
24584,98656964,7140204002995,NA,NA,N,noflag,147.7,IL,38.16453,-89.70488
475596,82758085,18020001001236,Goose Lake,Goose Lake,N,noflag,1434.1,CA,41.94704,-120.41879
37037,98653826,7140204011181,NA,NA,N,noflag,114.4,IL,38.28209,-89.90766
7485,152430622,1030003002360,Whites Pond,Whites Pond,N,noflag,81.8,ME,44.85501,-69.3611
292116,144961949,8040201007254,NA,NA,N,noflag,32.3,AR,33.56655,-92.85275
144579,135653260,2080206002167,NA,NA,N,noflag,2.3,VA,37.395,-77.32609
59614,112383305,5010001010169,NA,NA,N,noflag,354.1,PA,41.83301,-79.20079
401832,{47caa61b-79be-48f7-83b5-b4fe4444b9cb},11140201009182,NA,NA,N,noflag,60.3,LA,33.0114,-93.80233
359743,137016025,10190018004747,NA,NA,N,noflag,1079.1,NE,41.1076,-102.03258
275841,136618608,6040002004635,NA,NA,N,noflag,351.7,TN,35.55727,-86.14768
405454,127832760,11140204000230,NA,NA,N,noflag,98.5,LA,32.94872,-93.63895
194053,138372724,3090206047520,NA,NA,N,noflag,2.2,FL,26.14712,-80.29116
312148,144410676,9010003001710,NA,NA,N,noflag,489.8,ND,47.90615,-100.36269
195510,138370820,3090206045870,NA,NA,N,noflag,4.2,FL,26.39738,-80.15271
185215,{DFCAD75D-D7AC-4F41-AC32-F7F036B05F43},3080101068041,NA,NA,N,angular,5.2,FL,28.30438,-80.74953
309173,148748578,8090201006148,NA,NA,N,noflag,44.4,LA,30.64463,-90.18709
332874,144447444,10110101046648,NA,NA,N,noflag,739.7,ND,48.72816,-102.66838
429692,97246703,12060204000630,NA,NA,N,noflag,332.4,TX,32.1199,-97.82146
314141,149087307,9020307000626,NA,NA,N,noflag,453.7,ND,48.02167,-97.92326
432220,97740239,12070103025117,NA,NA,N,noflag,85.4,TX,30.90709,-96.18118
173932,74976291,3070106008739,NA,NA,N,noflag,34.9,GA,31.64289,-81.94701
255073,151092894,3180004014878,NA,NA,N,noflag,45.3,MS,31.03198,-89.80945
34603,100331466,5140202009559,NA,NA,N,noflag,116.2,IN,37.9867,-87.45728
218456,166104340,3110206007519,NA,NA,N,noflag,40,FL,30.08942,-82.4614
433939,102494086,12070201011127,NA,NA,N,angular,430.9,TX,32.33774,-98.58684
253127,148143490,3170002006493,NA,NA,N,noflag,104.2,MS,32.0598,-88.6208
288778,126656947,8030205003777,Williams Lake,Williams Lake,N,noflag,109.2,MS,34.0871,-89.48071
397608,134125781,11130303013676,NA,NA,N,noflag,368.1,OK,34.8489,-97.89895
331613,136482846,10110202005516,NA,NA,N,noflag,1008.4,MT,45.45684,-104.48658
306033,{7daabcf6-7bbb-4545-a5f3-5b9fbcd05055},8080202049360,NA,NA,N,noflag,2.4,LA,30.07967,-92.53374
282997,127755373,8020402009498,NA,NA,N,noflag,56.9,AR,34.18607,-91.35921
408390,93560025,11140101001450,NA,NA,N,noflag,143.1,TX,33.83443,-95.46676
135960,147104605,4080204001713,Horseshoe Lake,Horseshoe Lake,N,noflag,301.6,MI,42.86331,-83.26331
155999,46362320,3030002003246,NA,NA,N,noflag,193.6,NC,36.23565,-79.3489
128771,117627651,4030107004052,NA,NA,N,noflag,538,MI,46.4583,-88.26391
165989,46763707,3060104005580,NA,NA,N,noflag,208.4,GA,33.90953,-83.08828
21804,68838227,4030104002175,NA,NA,N,noflag,390,WI,45.36013,-88.53853
166911,47119478,3060201010047,NA,NA,N,noflag,108.3,GA,33.10009,-82.75171
344909,128639319,10140102005187,NA,NA,N,noflag,721.1,SD,43.98148,-101.62477
36087,75812186,10280103003033,NA,NA,N,noflag,205,MO,39.63353,-93.29878
413851,104003199,12010005012030,NA,NA,N,noflag,78.9,LA,31.21556,-93.27576
35963,149994026,7140203003206,NA,NA,N,noflag,193.7,IL,39.21744,-89.44064
157726,151027864,3040105015208,NA,NA,N,noflag,154.4,NC,34.97115,-80.35968
48573,154348592,7130005002065,NA,NA,N,noflag,195.4,IL,40.77361,-90.05836
64461,64662250,2030105001220,Mendham Reservoir,Mendham Reservoir,N,noflag,246.3,NJ,40.81141,-74.60833
96049,45337781,7010205001060,NA,NA,N,noflag,336.8,MN,45.04475,-95.03713
107910,66922219,2050206001638,NA,NA,N,noflag,658.7,PA,41.50449,-76.28723
398084,145236915,11130102003692,NA,NA,N,noflag,334.9,TX,34.11444,-98.85359
100059,35038481,5120104000635,NA,NA,N,noflag,251,IN,40.90669,-86.10889
182971,49689105,3070103004290,NA,NA,N,noflag,231.9,GA,33.67929,-83.86383
177071,49691443,3070103004512,Manning Lake,Manning Lake,N,noflag,197.8,GA,33.51971,-84.00953
7544,123913615,1090003008077,Smith and Sayles Reservoir,Smith and Sayles Reservoir,N,noflag,129.1,RI,41.89251,-71.68076
336164,129204800,10120107019059,NA,NA,N,noflag,1218.3,WY,43.72704,-104.19225
45948,121207391,4040001001104,NA,NA,N,noflag,186.1,IN,41.61378,-87.2859
483099,37258847,18090208002330,Green Valley Lake,Green Valley Lake,N,noflag,2090.1,CA,34.23819,-117.08095
282795,143938125,8020303002579,Thomas Reservoir Number 2,Thomas Reservoir Number 2,N,noflag,67,AR,34.70509,-91.62209
311344,143178835,9010004005092,NA,NA,N,noflag,648.6,ND,48.9179,-100.38522
118494,123919969,4120101005774,NA,NA,N,noflag,321.8,PA,41.79645,-80.48799
462131,150583068,17020016006688,NA,NA,N,noflag,258.7,WA,46.62229,-119.06269
296609,7AC9D4BE-77A7-4A3F-B54B-68D283912ABA,8060201027100,NA,NA,N,noflag,134.2,MS,33.46096,-89.13303
295900,{e4279309-169d-4658-948e-7573c3fa405b},8050003010760,NA,NA,N,noflag,23.6,LA,32.55068,-91.2134
334427,154902356,10120202004512,NA,NA,N,noflag,831.5,SD,44.55883,-103.0728
386737,34698844,11070205005474,NA,NA,N,noflag,303.6,KS,37.66729,-95.14778
41654,50524479,2020003000801,Kendall Pond,Kendall Pond,N,noflag,533.3,NY,42.68742,-73.39743
255883,121471731,3180002015148,NA,NA,N,noflag,115.6,MS,32.10697,-89.95949
144995,{9D1DD983-C84C-4931-A587-A32E19439FCC},2080207113749,NA,NA,N,noflag,93.9,VA,37.22054,-78.03462
109510,152375539,7070002002988,NA,NA,N,noflag,357.2,WI,44.94905,-89.69286
347834,150497358,10150003005168,NA,NA,N,noflag,1091.7,NE,42.93061,-102.14667
455228,40843541,16010202001521,NA,NA,N,noflag,1345.4,UT,41.82969,-111.89061
25849,129728275,1070005000958,Batemans Pond,Batemans Pond,N,noflag,53.3,MA,42.49402,-71.3664
442099,110553120,12100302000751,NA,NA,N,noflag,496.5,TX,29.81227,-98.89898
354127,145670009,10160006003638,NA,NA,N,noflag,395,SD,44.6784,-98.33456
237852,167743763,NA,NA,NA,N,noflag,281.9,AL,33.14956,-85.76434
320719,151162615,10040104032329,NA,NA,N,noflag,966.7,MT,47.48581,-107.45504
51639,133529127,7100008003489,NA,NA,N,noflag,290.7,IA,41.47068,-93.94602
401595,127530541,11140306016303,NA,NA,N,noflag,120.5,TX,33.18602,-94.60847
199365,117083079,3090204031962,NA,NA,N,noflag,0.6,FL,26.00187,-81.69388
441526,128386908,12100102029513,NA,NA,N,noflag,85.4,TX,29.58086,-96.74032
84991,120019366,9030003003183,NA,NA,N,noflag,337.7,MN,48.48976,-93.31413
117180,64669364,2030105005834,NA,NA,N,noflag,5.6,NJ,40.41533,-74.3162
203810,78194819,3100103002260,NA,NA,N,noflag,0.3,FL,26.83235,-82.17179
384936,34707266,11070205009470,NA,NA,N,noflag,275.7,KS,37.38873,-95.24808
461246,150858024,17020011001595,NA,Klonaqua Lake,N,noflag,1582.4,WA,47.59197,-121.07872
330090,134313130,10110201003452,NA,NA,N,noflag,923.9,ND,46.01106,-103.806
105868,37099903,2020008001585,Catfish Pond,Catfish Pond,N,noflag,215.5,NY,41.4043,-73.8974
332325,144447756,10110101047806,NA,NA,N,noflag,727.4,ND,48.7245,-102.61543
108052,44362170,4060106003511,NA,NA,N,noflag,258.8,MI,46.41803,-86.18052
4032,31920580,5140202003575,Hovey Lake,Hovey Lake; Dry Lake; Fish Slough,N,noflag,103.9,IN,37.81854,-87.94413
461759,144386176,17020008002283,Eagle Lake,Eagle Lake,N,noflag,1982.9,WA,48.20857,-120.33394
161846,129796776,3050203002819,NA,NA,N,noflag,99.6,SC,33.74429,-81.32951
94158,122938185,7060001011801,NA,NA,N,noflag,189.5,WI,43.28137,-91.04796
234965,63002053,3140203001720,Daughtry Pond,Daughtry Pond,N,noflag,72.8,AL,31.08906,-85.69466
289170,{9d27816a-4e34-4eb8-bcc4-c629a0ce0b31},8040206022729,NA,NA,N,noflag,19.9,LA,32.67444,-92.26006
180017,49690951,3070103006014,NA,NA,N,noflag,213.6,GA,33.55856,-84.02855
258346,{d27f67a9-12ee-48aa-b914-2456e2fa7f30},4100003037756,NA,NA,N,noflag,243.1,IN,41.15639,-85.03036
393107,60995179,11110207005695,NA,NA,N,noflag,76,AR,34.77613,-92.14738
193917,138375424,3090206049749,NA,NA,N,noflag,0.4,FL,25.77572,-80.38946
333219,134318158,10110201003693,NA,NA,N,noflag,1037.9,MT,45.18523,-104.45853
78459,91688379,7030005003591,Strand Lake,Strand Lake,N,noflag,272.8,WI,45.16039,-92.57031
4686,132544104,10230003005606,NA,East Okoboji Lake; Lower Gar Lake; Minnewashta Lake; Upper Gar Lake; West Okoboji Lake,N,noflag,433.1,IA,43.3773,-95.15568
20215,85082738,7120003000379,NA,NA,N,noflag,199.9,IL,42.2071,-87.85819
360573,128058210,10190005001142,Joder Reservoir,Joder Reservoir,N,noflag,1706.4,CO,40.11143,-105.28461
211224,78603471,3100101020455,NA,NA,N,noflag,33.9,FL,27.6354,-81.76902
480933,43047429,18050001004941,NA,NA,N,noflag,11.1,CA,38.21851,-122.00382
197052,112031281,3090101029533,NA,NA,N,noflag,31.4,FL,28.43833,-81.67408
306295,{f01d47fd-199f-4a14-b7b1-50e802fb0ad0},8080103030636,NA,NA,N,noflag,1.1,LA,29.87387,-92.17797
377192,148600384,11030007001498,NA,NA,N,noflag,781.3,KS,38.41062,-100.23754
427600,127144355,12040204006939,NA,NA,N,noflag,4.5,TX,29.50353,-94.96901
253936,{d90b40a8-a4cf-4b4c-9717-f64d40a14f57},3180001093555,NA,NA,N,noflag,145.6,MS,33.12921,-89.36871
341700,132153552,10130101001957,Crooked Lake,Crooked Lake,N,noflag,584.7,ND,47.66585,-100.88664
308831,{C15AAF57-63F5-406A-93C4-9B1B270AB84F},8090301063585,NA,NA,N,noflag,0.1,LA,29.6753,-90.31376
161429,98886277,3050103013929,NA,NA,N,noflag,176,NC,35.08985,-80.77994
89983,69548129,7030001002378,Lutz Lake,Lutz Lake,N,noflag,366.5,WI,45.75075,-91.82048
142753,112211042,2060002001456,NA,NA,N,noflag,1.4,MD,39.31852,-76.09463
410737,127274064,12010002002102,Brewer Lake,Brewer Lake,N,noflag,129.5,TX,32.46007,-95.27044
163495,92931872,3050106000927,NA,NA,N,noflag,107,SC,34.11656,-80.91957
99246,76246482,7050005002239,Big Lake,Big Lake,N,noflag,218,WI,44.70428,-91.91641
235059,{F59CEB27-99AE-43C6-86A5-DAFD6F9BB774},3140101010708,NA,NA,N,noflag,15.1,FL,30.33866,-85.44073
338888,147896747,10130106004479,NA,NA,N,noflag,571.5,SD,45.68801,-99.49953
331471,145071992,10110101047395,NA,NA,N,noflag,663,ND,48.2943,-101.8707
145272,{513F79DC-704A-4F4D-835E-161F253B7F1F},2080206016940,NA,NA,N,noflag,2.8,VA,37.25995,-76.88936
362461,150664393,10200101017241,NA,NA,N,noflag,648.4,NE,40.67239,-99.06878
174002,74979301,3070106009018,Alligator Congress,Alligator Congress,N,noflag,0.3,GA,31.41291,-81.5911
211432,68758844,3100206018667,NA,NA,N,noflag,14.6,FL,28.14664,-82.5867
452773,58225680,14060003004477,NA,NA,N,noflag,3238.6,UT,40.74972,-110.08277
357033,145090002,10170201009724,NA,NA,N,noflag,550.8,SD,45.38389,-97.3979
206472,78604085,3100101020719,NA,NA,N,noflag,33.1,FL,27.74863,-81.81378
292368,63692833,8040206017626,NA,NA,N,noflag,32.5,LA,32.55887,-92.18932
282383,114191209,8020301008260,NA,NA,N,noflag,106.6,AR,35.09017,-92.23617
319829,135844671,10040205011360,NA,NA,N,noflag,893.8,MT,47.43347,-108.74158
349104,127733761,10150004030982,NA,NA,N,noflag,865.3,NE,42.70161,-100.55038
420843,131645278,12030102053803,NA,NA,N,noflag,311.1,TX,32.57078,-97.61681
148487,127332660,2080111002713,NA,NA,N,noflag,9.6,MD,38.37736,-75.32449
10360,110734553,4030107002795,NA,NA,N,noflag,523.6,MI,46.57482,-88.09816
174271,80217275,3070104012432,NA,NA,N,noflag,106.3,GA,32.22154,-83.6692
319046,133541145,10030202001002,NA,NA,N,noflag,1292.9,MT,48.55766,-112.9376
203497,167163136,3100202007205,NA,NA,N,noflag,10.7,FL,27.41646,-82.40627
305314,{4c92410c-992e-47d5-9bad-b8076b31b678},8080202048167,NA,NA,N,noflag,1.9,LA,29.9512,-92.25333
64498,26168562,2040104007248,NA,NA,N,noflag,447.9,PA,41.25608,-75.19177
140306,61761577,2020007001412,Warwick Reservoir,Warwick Reservoir,N,noflag,220.8,NY,41.23074,-74.36142
167275,73952808,3060203011450,NA,NA,N,noflag,49.4,GA,32.10387,-81.90714
85489,166451137,4120102005382,NA,NA,N,noflag,425.2,NY,42.52816,-78.73773
118636,90141585,5120201008714,NA,NA,N,noflag,229.8,IN,39.6778,-86.42856
459369,61140463,17010209001512,Necklace Lakes,Necklace Lakes,N,noflag,2081.6,MT,47.4798,-113.54728
354154,148620246,10160003007431,NA,NA,N,noflag,411,ND,46.25913,-98.04612
175281,89001891,3070202002930,NA,NA,N,noflag,32.4,GA,31.49106,-82.19371
86126,77032753,10300101023797,Lake Clare,Lake Clare,N,noflag,298.9,MO,38.88806,-94.5502
241692,{748E4B33-4094-4425-BF99-D34C7DE0CE79},3150110029341,NA,NA,N,noflag,82.3,AL,32.38424,-85.77726
20269,44919525,7140107001878,Whitewood Lake,Whitewood Lake,N,noflag,213,MO,37.62982,-90.07681
441609,128429459,12100401014709,NA,NA,N,noflag,1.2,TX,28.75069,-96.18295
352411,145087444,10160003018620,NA,NA,N,noflag,591.3,SD,45.67146,-97.2793
313563,143750159,9010002007979,NA,NA,N,noflag,703,ND,48.43335,-102.00909
31872,98649152,7140204008996,NA,NA,N,noflag,185.8,IL,38.45387,-90.09368
412804,93741300,12010001000995,NA,NA,N,noflag,142.5,TX,33.00365,-96.02113
423565,108216516,12040101009159,NA,NA,N,noflag,94.6,TX,30.35797,-95.8641
451981,90409933,14050005001528,NA,NA,N,noflag,3350.4,CO,39.94385,-107.27998
130389,157355310,7070003014742,Spring Lake,Spring Lake,N,noflag,420.3,WI,45.01015,-89.23166
440820,110623347,12100303001264,NA,NA,N,noflag,99.1,TX,28.8419,-97.8812
222898,129754378,3120001004601,NA,NA,N,noflag,24,FL,30.45892,-84.05717
123840,{5AC618B8-BE43-41DF-A05A-9FE32F334FAE},5010004007469,NA,NA,N,angular,358.9,PA,41.62981,-80.28717
94514,127676264,1090004029785,NA,NA,N,noflag,0.3,RI,41.53541,-71.41896
481851,120028216,18060006005499,NA,NA,N,noflag,164.1,CA,35.24986,-120.58328
445842,128794881,12110110009883,NA,NA,N,noflag,87.1,TX,28.73575,-98.45596
310164,{1ba0391d-2193-428f-8030-f3625ee1f898},8090302060727,NA,NA,N,noflag,-0.1,LA,30.01128,-91.11969
15007,154347801,7130005002038,Green Oaks Lake,Green Oaks Lake,N,noflag,225,IL,40.97783,-90.0917
58287,167296424,2040105013882,NA,NA,N,noflag,132.1,NJ,40.96945,-74.97867
191404,{D6D017FD-D532-4313-8744-ABA27AF19973},3080103039249,NA,NA,N,angular,10.8,FL,29.92247,-81.40786
450161,68574394,14020004000697,Owens Reservoir,Owens Reservoir,N,noflag,3016.2,CO,39.01299,-107.7479
424295,99376329,12040103000830,NA,NA,N,noflag,26.2,TX,30.22751,-95.1693
239266,4e8a2eee-1856-4824-a8da-0f6ed522f693,3150203011728,NA,NA,N,noflag,57,AL,32.24106,-87.22454
351301,142195663,10160009002350,NA,NA,N,noflag,408.1,SD,44.79076,-98.71481
443730,128815753,12110111006004,NA,NA,N,noflag,0.4,TX,27.8515,-97.54291
183538,95790829,3070201002266,NA,NA,N,noflag,95.7,GA,31.66859,-82.99055
13436,152512304,4030110000628,NA,NA,N,noflag,432.7,MI,46.41974,-87.80167
456050,47430338,16020204000875,Lake Mary,Lake Mary,N,noflag,2909.2,UT,40.58814,-111.58975
284889,{4beccaaa-6d99-4cbf-b9bb-b49f2ac35ec8},8030204041408,NA,NA,N,noflag,59.3,MS,34.8662,-90.23613
220567,113632255,3110206001001,Bonnet Lake,Bonnet Lake,N,noflag,43.3,FL,29.72441,-82.09555
399172,145268069,11130208011175,NA,NA,N,noflag,309.7,OK,34.25013,-97.90461
176769,84138382,3070107012126,NA,NA,N,noflag,73.8,GA,32.42557,-82.21223
300661,133391655,8070201004199,NA,NA,N,noflag,55.2,LA,30.82721,-91.19798
389280,106315944,11100301000867,Four Mile Creek Site 1 Reservoir,Four Mile Creek Site 1 Reservoir,N,noflag,415,OK,35.52229,-97.99186
253524,{5dc56048-21d1-4a8f-aac5-93cac86d0ad8},3180001104468,NA,NA,N,noflag,109.3,MS,32.78595,-89.34341
148176,65102779,2080106010507,NA,NA,N,noflag,16.9,VA,37.86917,-77.42491
239839,{0FDC606B-DF37-45A8-8EF5-5A2F74FC0F9B},3150110029140,NA,NA,N,noflag,125.6,AL,32.47884,-85.54637
460049,64900697,17010206001114,NA,NA,N,noflag,1204,MT,48.80158,-113.99539
362295,{4CB69970-3666-41FF-A822-74784B6D6144},10200103004719,NA,NA,N,noflag,438.8,NE,41.34987,-97.27208
128662,155427995,4100011005847,NA,NA,N,noflag,173.9,OH,41.43562,-83.00011
426401,127147828,12040205003787,NA,NA,N,noflag,6.1,TX,29.23565,-95.28437
345753,128631730,10140102031012,NA,NA,N,noflag,712.6,SD,44.24108,-101.45869
33596,107117552,7010107000604,NA,NA,N,noflag,435.1,MN,46.25432,-95.28778
303849,{1a1c9312-43ee-440b-9333-1108be4740e1},8080101052111,NA,NA,N,noflag,2.2,LA,29.8583,-91.41404
333085,143761297,10110101007664,NA,NA,N,noflag,626.3,ND,48.07268,-101.73993
120134,74256528,10230006001309,NA,NA,N,angular,289.6,IA,41.09581,-95.86031
389407,137940058,11100104000729,NA,NA,N,noflag,929.9,TX,36.26748,-101.14194
407850,133202988,11140205003746,NA,NA,N,noflag,66.6,AR,33.15646,-93.57709
382833,46117726,11070101002329,NA,NA,N,noflag,366.6,KS,38.03719,-96.23252
90750,167248057,4150302006242,NA,NA,N,noflag,146.2,NY,44.25895,-75.62535
68980,120019949,7010104001619,Portage Lake,Portage Lake,N,noflag,371.9,MN,46.58678,-93.42094
101225,69549363,7030001001697,West Eightmile Lake,West Eightmile Lake,N,noflag,355.4,WI,46.42309,-91.47975
152077,31405651,3020201004335,NA,NA,N,noflag,198.9,NC,36.21979,-78.96932
356881,126757478,10170201008913,Lake Kampeska,Lake Kampeska,N,noflag,523.1,SD,44.92538,-97.21051
3415,123396833,4020102001604,Taylor Lake,Taylor Lake; TAYLOR LAKE,N,noflag,499.9,MI,46.24449,-89.0403
155784,139645952,3030004003267,NA,NA,N,noflag,46.9,NC,35.11147,-78.88945
257770,{2C92DE5E-8854-4B54-8B7A-1BCAB5E75E7B},4050003004716,NA,NA,N,noflag,212.6,MI,42.73546,-85.87249
100487,148670897,10280102003098,NA,NA,N,noflag,315.3,IA,40.67175,-93.93494
295083,156233529,8050001004275,NA,NA,N,noflag,29.8,AR,33.04147,-91.4145
259469,47272020,5050005036600,NA,Big Ditch Lake,N,noflag,683.9,WV,38.40739,-80.57264
61380,62637972,2050102007301,NA,NA,N,noflag,373.2,NY,42.37567,-75.61456
251960,124549582,3170007002282,NA,NA,N,noflag,55.3,MS,30.86362,-89.07673
284022,126684111,8030205003997,Six Mile Lake,Six Mile Lake,N,noflag,37.7,MS,33.70406,-90.18823
29013,25920096,2040103002208,NA,NA,N,noflag,422.9,PA,41.65502,-75.30313
127194,{64b21d69-cefd-411d-bf1e-dd3ba6290552},7120007004501,NA,NA,N,angular,211.5,IL,41.78916,-88.35745
406153,127224881,11140307000585,Safady Lake,Safady Lake,N,noflag,114.3,TX,32.72425,-94.98647
259155,{9230A38F-4A00-4FA0-93EC-4A4163D68401},5040001015917,NA,NA,N,noflag,299.6,OH,40.91101,-81.69834
110702,86283311,9020103008473,NA,NA,N,noflag,409,MN,46.21747,-95.73726
352385,145087508,10160003020037,NA,NA,N,noflag,559.5,SD,45.66405,-97.37098
214724,80533179,3110204007666,NA,NA,N,noflag,89,GA,31.41383,-83.64022
222432,48301246,3120002006999,NA,NA,N,noflag,92.6,GA,30.99039,-84.2438
334021,143755093,10110101020386,NA,NA,N,noflag,687.5,ND,48.24866,-102.27848
206234,{3BB4CFEF-E1DA-4715-BB78-17556C343DB4},3100103010915,NA,NA,N,noflag,0.7,FL,26.8112,-82.03896
132585,82553610,7020002001099,NA,NA,N,noflag,371.8,MN,46.12338,-95.92528
474412,111590833,18010211001684,Union Hill Pond,Union Hill Pond,N,noflag,535.4,CA,40.65865,-122.93203
111423,80004993,7010103002613,NA,NA,N,noflag,409.1,MN,47.01754,-93.55276
52343,132859676,4150304000857,Round Pond,Round Pond,N,noflag,378.2,NY,44.25673,-75.06699
225933,74290491,3130009005231,NA,NA,N,noflag,51.5,GA,31.35706,-84.5699
295137,{400fc2fd-b1f3-4ae4-8e13-98410774950b},8050003011073,NA,NA,N,noflag,22,LA,32.25337,-91.10793
120432,66214473,2050304003412,NA,NA,N,noflag,171.3,PA,40.60719,-77.10577
470255,124371695,17100305009181,Fox Pond,Fox Pond,N,noflag,763,OR,42.98836,-123.76223
259034,76668801,5030203002727,NA,NA,N,noflag,261.9,WV,38.74661,-80.59453
9082,164481959,4140203000691,NA,NA,N,noflag,133.9,NY,43.23003,-76.49426
127762,155444832,4030201005740,NA,NA,N,noflag,240.8,WI,43.64967,-89.57699
420168,95343445,12030103019968,NA,NA,N,noflag,221.4,TX,33.20822,-96.78305
215376,134533289,3110201001151,String of Ponds,String of Ponds,N,noflag,26.4,FL,30.2167,-82.73393
56235,111726159,4010301001770,Bear Lake,Bear Lake,N,noflag,329.6,MN,46.58281,-92.49651
325704,{620C8E8A-7BAE-4514-A093-852B8BEE052F},10070007008777,NA,NA,N,noflag,970.7,MT,45.89229,-108.01569
20876,133098651,4150302001565,Snyder Lake,Snyder Lake,N,noflag,234.9,NY,44.20627,-75.23425
476276,129660083,18020159000267,NA,NA,N,noflag,38.6,CA,39.47854,-121.5962
396453,129089676,11130206024809,NA,NA,N,noflag,370.7,TX,33.68664,-99.24872
8668,154316718,7130005010778,NA,NA,N,noflag,190,IL,40.52505,-90.02494
220946,{BAC1C4C6-76D8-4E46-8931-058C46B11303},3120003008535,NA,NA,N,noflag,49,FL,30.48288,-84.66259
306357,{ef7f76d0-fde5-470f-a94f-1322bf727b9b},8080102025343,NA,NA,N,noflag,10.7,LA,30.80154,-92.08199
272968,131021183,6010108002249,Saylor Lake,Saylor Lake,N,noflag,801.5,NC,35.99708,-82.15453
148012,61499393,2080207010093,NA,NA,N,noflag,126.6,VA,37.20071,-78.13425
370485,137928976,10260012005664,NA,NA,N,noflag,520.8,KS,39.63737,-98.4285
140023,42149139,4130003003350,NA,NA,N,noflag,351.9,NY,42.85936,-77.4358
166801,46755077,3060104005266,NA,NA,N,noflag,211.9,GA,34.29517,-83.44029
406985,137672000,11140104011630,NA,NA,N,noflag,220.7,OK,34.13949,-96.31539
280813,127721911,8020401003249,NA,NA,N,noflag,49.3,AR,34.01997,-91.40981
317439,32c7919d-9a99-4286-9cbd-6d69eb4ba7b1,10020007009418,NA,NA,N,noflag,1646.1,MT,45.12069,-111.6861
6900,109984334,7120004005547,NA,PETERSON POND,N,noflag,199.1,IL,42.31452,-87.96016
409028,{03eedeea-d46a-4ee2-9e2b-0818759589a6},11140206013389,NA,NA,N,noflag,71.9,LA,31.98823,-93.56835
145147,61383223,2080105001582,NA,NA,N,noflag,39.2,VA,37.97907,-77.43024
258452,{df3be47a-6a4b-4942-bdb5-fdec2c4e70f0},4100005011617,NA,NA,N,angular,228.8,IN,41.12984,-84.842
292552,127721431,8040205007102,NA,NA,N,noflag,58.5,AR,34.19515,-91.8425
110612,133215735,7130008000943,NA,NA,N,noflag,168.1,IL,39.91556,-89.67141
306450,{9d08ac4a-d2aa-4125-9f7c-abcaccec4b1d},8080103029504,NA,NA,N,angular,2.6,LA,30.06556,-91.83749
235949,144298412,3140202010160,NA,NA,N,noflag,118.9,AL,31.52193,-86.17456
57360,155637171,4050001004674,NA,NA,N,noflag,243.1,MI,41.93256,-85.60313
196092,{34F8959E-7055-4059-9778-C904971C8A2D},3090101050687,NA,NA,N,noflag,27.2,FL,27.81054,-81.31811
67248,83958687,8020201002189,NA,NA,N,noflag,98.5,MO,37.10233,-89.49668
458635,65222038,17010207001146,Bradley Lake,Bradley Lake,N,noflag,1650.3,MT,48.08531,-113.38509
171618,136110490,3060106003225,Ferguson Lake,Ferguson Lake,N,noflag,17.6,SC,32.88276,-81.46939
330451,143775006,10110101030434,NA,NA,N,noflag,571.7,ND,47.66898,-101.22209
207319,56719387,3100102004985,NA,NA,N,noflag,22.2,FL,27.31778,-82.13638
39105,109990146,7120004007821,NA,NA,N,noflag,211.9,IL,41.77368,-88.0865
41420,120019189,9030001006693,Mud Lake,Mud Lake,N,noflag,407.5,MN,47.97822,-91.66959
467792,129414017,17080003006343,NA,NA,N,noflag,4.3,OR,46.03403,-122.88943
137328,106722449,10290106002246,NA,NA,N,noflag,379,MO,37.15798,-93.59988
58609,49236873,5140204002048,Schneider Pond,Schneider Pond,N,noflag,116.6,IL,37.61547,-88.21799
290421,152791344,8040207004298,NA,NA,N,noflag,30.4,LA,32.49643,-92.2149
464329,43838139,17050120105864,NA,NA,N,noflag,2617.7,ID,43.99748,-115.09326
201921,117025173,3090204028593,NA,NA,N,noflag,0.1,FL,26.47911,-81.86658
397075,137691632,11130304002666,NA,NA,N,angular,206.3,OK,34.18948,-96.86953
312945,143188182,9010004002698,NA,NA,N,noflag,446.9,ND,48.48276,-100.31691
191149,112662806,3080102005636,NA,NA,N,noflag,29.2,FL,28.47694,-81.71022
286234,123559653,8030204025778,NA,NA,N,noflag,103.7,MS,34.58874,-89.89805
311679,144409106,9010003001408,NA,NA,N,noflag,434.7,ND,48.57088,-100.61902
356301,128456532,10170101016642,NA,NA,N,noflag,372.1,NE,42.81021,-98.12353
336472,156020682,10120112010159,NA,NA,N,noflag,658.5,SD,44.37307,-101.55442
475993,113910683,18020161000384,NA,NA,N,noflag,9.9,CA,38.91163,-121.5722
