lagoslakeid,lake_nhdid,lake_namelagos,lake_centroidstate,lake_missingws,lake_elevation_m,lake_waterarea_ha,lake_connectivity_class,latitude,longitude
92970,45361659,,MN,N,353.3,5.2,Isolated,45.22938,-94.9005
148672,65102335,Woodfolk Brothers Pond Number Two,VA,N,110.4,4.3,Drainage,37.98983,-77.99315
283421,143938993,Horseshoe Lake,AR,N,48.2,9.6,Isolated,34.46829,-91.20479
445564,140634924,,TX,N,1.1,2,Isolated,27.16616,-97.51835
412648,127272261,World Challenge Lake Number 1,TX,N,160.5,1.4,Isolated,32.51264,-95.51139
474584,129930305,,CA,N,78.5,1.4,Isolated,40.15136,-122.20899
114131,109944176,,MI,N,229.9,5.9,Isolated,46.59998,-85.42197
62136,105466559,,MO,N,217.5,1.2,Headwater,38.00757,-93.92881
378723,133144464,R R Rutherford Reservoir,CO,N,1227.7,20.6,Drainage,37.4869,-102.38132
128456,47710806,,MN,N,403.7,2.3,Drainage,47.52836,-94.33775
446487,113374358,,TX,N,3,6.2,Isolated,26.16379,-97.44932
269329,{4F6F8B22-E98D-4DC5-9949-0145A938B527},,TN,N,173.6,1.9,Isolated,36.04245,-86.92414
59562,87214172,,NY,N,429.5,1.8,Headwater,42.43229,-78.72216
93442,77033689,Wilderness Lake,KS,N,283.2,1.3,Drainage,38.83758,-94.64101
386753,157624441,,OK,N,233.3,1.1,Isolated,36.63559,-95.05468
142944,112211222,,MD,N,22.2,2.5,Drainage,39.29008,-76.10981
166134,47122588,,GA,N,92.7,2.8,Headwater,32.92827,-82.43246
464708,53240666,,ID,N,750.8,10.8,Drainage,42.93362,-115.73634
397696,134137631,,OK,N,310.9,7.4,Drainage,34.54645,-97.62881
157816,146910075,,SC,N,72.3,1.1,Headwater,34.54291,-80.00806
369351,129611356,,NE,N,981.3,1.4,Drainage,40.78424,-101.48319
210309,58677811,,FL,N,8.8,3.3,Headwater,28.33334,-82.6074
184398,68038755,,FL,N,25.6,1.2,Headwater,28.7576,-81.9402
319599,{AE0E0841-83C6-4E70-AF8F-AE81CF5CADD8},,MT,N,938.2,1.4,Drainage,46.82892,-108.16137
456948,145889012,,NV,N,1196.9,2.7,Drainage,39.46049,-118.64615
462018,157385647,,WA,N,289,1.3,Drainage,46.87461,-119.63395
354014,148616444,,ND,N,583.5,6,Isolated,46.52588,-98.99582
93082,91691139,,WI,N,340,2.9,Drainage,45.01865,-92.37936
315993,147441136,,ND,N,456.6,3.3,Isolated,47.56977,-97.94088
445220,68621104,,TX,N,518,1.1,Drainage,29.83673,-99.97531
16735,62681731,,IN,N,150.7,3,Drainage,38.43596,-87.20847
374767,158599219,,KS,N,293.1,1.2,Isolated,38.66047,-95.10993
299430,133390233,,MS,N,79.2,1.3,Isolated,31.07805,-91.39404
318690,129565426,,MT,N,1178.1,1,Drainage,48.28393,-112.4748
293885,144677588,,AR,N,35.5,1.8,Isolated,33.11338,-91.55417
67633,66418527,,PA,N,298.9,6.1,Headwater,41.65364,-76.18742
255222,122869128,,MS,N,139.2,1.5,Isolated,33.22761,-89.43647
187083,{565677E0-73A3-4929-ADEA-B3C9E32C82F6},,FL,N,13.1,1.1,Isolated,29.80702,-81.39269
210615,61245177,,FL,N,10.5,1.5,Isolated,27.34338,-82.37957
367955,129711031,Harmon Reservoir,NE,N,700.3,1.9,Drainage,40.41258,-99.81759
406320,126992650,,TX,N,112.3,1.3,Drainage,33.45217,-94.49537
108578,120031827,Twin Lake,KY,N,93.3,3.9,DrainageLk,37.00036,-89.09391
306342,{9b9f02df-fb38-4bba-b862-60877f75e29c},,LA,N,19.4,2.3,Isolated,30.55475,-92.11694
200687,{04017501-178B-4649-B3EC-E1ADA66AA521},,FL,N,4.3,1.2,Isolated,26.70364,-80.06618
108976,43498686,Brushville Lake,PA,N,403.1,3.9,Drainage,41.91382,-75.63016
246956,140749327,,MS,N,67.1,3.1,Drainage,33.7848,-88.55664
169450,47125272,,GA,N,80,3.6,Drainage,32.82683,-82.47089
325263,38681999,Fern Lake,WY,N,2513.4,39.1,Drainage,44.6784,-110.27638
249789,122770379,,MS,N,146.5,1.6,Drainage,32.71971,-88.79751
405099,109515909,,TX,N,95.8,2.5,Drainage,32.75268,-94.68225
281646,114193111,,AR,N,60,4.8,Drainage,34.99814,-91.5388
217294,99334757,,FL,N,3.6,37.4,Isolated,29.40682,-82.96644
123861,152019866,Consolidation Coal Company Pond 0110-,OH,N,312.6,1.6,Drainage,40.2064,-81.03937
481448,41669255,,CA,N,567.7,1.3,Isolated,38.59331,-122.44954
356098,145092349,,SD,N,553.5,8.1,Isolated,45.2426,-97.45188
59811,86444443,,MN,N,328.3,1.7,Drainage,46.43744,-92.75542
243536,{FB36B400-7672-4100-8AE8-568ADDC518E2},,AL,N,67.8,6.6,Drainage,32.35993,-86.14898
421910,95322789,,TX,N,228.6,1.2,Drainage,33.62466,-97.11128
7715,103458592,Manhanock Pond; Harlow Pond,ME,N,137.9,192.2,DrainageLk,45.13527,-69.37507
42222,86369067,,MN,N,365.3,7,Isolated,45.4254,-95.48132
469446,123427371,Maude Lake,OR,N,1507.7,1.1,Drainage,44.53271,-121.90171
81149,123148151,Mirror Lake,WI,N,508.1,17.1,Isolated,46.21853,-89.54901
467874,132991280,,WA,N,1181.7,11.1,Drainage,46.36153,-122.22277
211828,68048287,Coogler Pond,FL,N,10.8,10.9,Isolated,28.59614,-82.33145
335622,126843026,,SD,N,856.9,1,Headwater,43.8388,-102.46018
415680,114037267,,TX,N,158.1,1.3,Headwater,32.46287,-95.84316
262633,31963166,,KY,N,150,7.7,Drainage,36.92252,-86.82067
281647,114191923,,AR,N,59.8,1.1,Isolated,35.03823,-91.5488
144481,62588326,,VA,N,50,27.9,Drainage,37.6349,-77.69185
276150,{C95B8E5B-336A-4B43-845D-17740901A598},,MN,N,343.8,14,Isolated,45.59156,-96.64497
405179,127225942,,TX,N,81,1.5,Headwater,32.65207,-94.41616
299908,8472FD9D-CC8F-4804-A417-6567A133CDDD,,LA,N,42.4,9.2,Isolated,30.81231,-90.8335
158977,155963156,,SC,N,77,1.7,Drainage,34.26049,-80.4471
121078,133216199,,IL,N,168.6,1,Drainage,39.85257,-89.57256
64353,{5ADB2CC5-CEEB-4B65-B39D-5005E71A7655},,VT,N,535,1.9,Headwater,42.82759,-72.98984
346206,128639804,,SD,N,721.2,1,Drainage,43.84808,-101.43059
353199,144180998,,SD,N,593,2.4,Isolated,44.91268,-99.24599
240642,{E415237F-0066-4EA0-B36C-60BD45A08BAB},,AL,N,73.8,5.2,Isolated,32.36318,-86.02486
17440,100539612,,NJ,N,14.8,1.2,Isolated,39.76337,-74.66623
304015,67996258,,LA,N,62,1,Drainage,30.92236,-93.19466
403491,93592501,,TX,N,204.5,2.2,Drainage,33.54929,-96.30921
447129,136495516,,CO,N,2310.7,5.7,Isolated,37.56698,-105.98311
76381,133404929,,IA,N,208,1.5,Isolated,41.30332,-92.46565
199441,{2F8726AF-28BC-4739-A18B-F6204410C091},,FL,N,4.4,1.7,Isolated,26.54465,-81.80818
133708,59812323,Jacks Lake,MN,N,367.2,11.3,Isolated,46.3922,-94.27872
364023,153982501,Speck Lake,NE,N,1027.6,32.5,Isolated,42.32835,-101.28052
449467,88849641,Palmer Lake,CO,N,3251.1,2.9,Drainage,39.67854,-107.28719
74059,155290588,Collett Pond,IN,N,145.5,10.4,Drainage,40.00445,-87.44194
283899,143706587,,AR,N,70.5,3.4,Isolated,35.56847,-91.02561
454890,{8994366F-9C73-4B63-9DA1-569FE83EFC95},,AZ,N,280.1,30.5,Isolated,33.35968,-112.87228
288679,126694988,,MS,N,105.4,2,Drainage,33.59299,-89.86108
41810,110734769,Spruce Lake,MI,N,520,32,DrainageLk,46.50527,-88.1761
35130,150569758,Fernald Pond,ME,N,511,3,Headwater,45.51573,-70.04675
468427,93073281,,OR,N,152.8,1.9,Drainage,44.02416,-122.93101
305881,{fb15ad26-e642-4c90-b9ef-f9faefd04e9b},,LA,N,0.2,11,Isolated,30.03649,-92.94873
236770,167745193,,AL,N,190.5,2.4,Drainage,32.91631,-86.00551
466888,149198950,Heather Lake,OR,N,1706.1,1.8,Isolated,43.81217,-121.95661
110945,122374078,,MA,N,164.4,2.5,Drainage,42.04057,-72.01047
316254,147441707,,ND,N,465,1.6,Isolated,47.45634,-98.74361
356472,147525580,,SD,N,538.5,1.5,Isolated,44.99882,-97.36562
82545,47723301,,MN,N,388.7,2.3,Headwater,47.24007,-93.59849
332970,143749470,,ND,N,662.8,1.6,Isolated,48.44935,-102.1923
320898,151160184,,MT,N,966.2,2.9,Drainage,47.80932,-108.68409
180721,95796059,,GA,N,83.6,2.4,Headwater,31.56886,-82.92419
212091,51893293,,FL,N,18.9,3.7,Isolated,27.87569,-82.10535
16343,37098845,,NY,N,260.6,1.9,Isolated,41.50514,-73.80991
172137,73945088,,GA,N,82.9,2,Drainage,32.55189,-82.03419
367533,148801619,Spring Creek Reservoir 8-A,NE,N,359.7,5.4,Drainage,40.39722,-96.14422
223139,129949950,,GA,N,68.5,1.1,Headwater,30.71362,-84.37277
275141,139322828,,AL,N,452.1,2.6,Drainage,34.92639,-85.66204
393544,127944374,,OK,N,192.2,1.7,Isolated,35.79416,-95.7386
455760,82734171,,UT,N,1690.1,1.4,DrainageLk,40.5142,-111.45383
104117,155281998,,IL,N,197.8,2,Isolated,40.094,-87.78574
483009,0fec620f-9aa1-4bc0-b91c-3bc4b4c61996,,CA,N,1085.9,4.6,Isolated,36.4882,-117.92843
421345,115438379,,TX,N,136.3,1.1,Headwater,31.14848,-96.12222
139730,69545221,Deer Lake,WI,N,317.6,8.3,Headwater,46.22062,-91.9479
74160,72863597,Mule Lake,MN,N,404.2,209.8,DrainageLk,46.90911,-94.27376
288931,63683151,,AR,N,83.3,1.4,Drainage,33.23321,-92.95476
32690,91675681,,WI,N,291.1,1.4,Headwater,45.86852,-92.54246
269450,26879763,,KY,N,358.7,2.9,Drainage,37.45907,-83.97896
267645,{611028c4-06b3-4284-969c-83f57a5e4450},,IN,N,151,2,DrainageLk,38.94522,-87.24342
156482,149075491,,NC,N,13.6,2.9,Drainage,34.70631,-77.98856
269404,137000153,,TN,N,539.1,6.6,Headwater,35.71099,-85.28462
195165,138375720,,FL,N,2.1,4.6,Isolated,25.69711,-80.46163
446666,69314590,,TX,N,290.7,1.2,Isolated,29.29675,-98.98637
195980,{85A43879-0C46-4A9F-8454-CCA83A998BE4},,FL,N,28.7,1.7,Isolated,28.4758,-81.44054
18564,107071088,,MN,N,423.5,9.5,Isolated,47.48869,-92.44455
424031,109725936,Horseshoe Lake,TX,N,1.5,52.7,Headwater,28.97973,-95.32793
335846,154900099,,SD,N,927.1,1.2,Drainage,44.69833,-103.89996
166830,46762611,,GA,N,177.8,1.1,Drainage,33.9771,-83.16947
67213,154314905,,IL,N,133.9,6.5,Drainage,40.61612,-89.65169
92749,145334071,,MI,N,269.3,12.8,Headwater,42.33221,-83.97947
283728,127721676,,AR,N,52.6,6,Isolated,34.12651,-91.62931
378212,148557780,,KS,N,805.8,1.3,Drainage,37.81124,-100.36138
422957,120847587,,TX,N,186,1.2,Headwater,33.0631,-96.64156
452268,90200329,Whetstone Reservoir Number 3,CO,N,2066.4,1.6,Drainage,40.41071,-107.19653
478620,66517388,,CA,N,691.4,1.5,Drainage,37.20995,-119.66809
378319,149772926,,KS,N,399.4,1,Isolated,37.72147,-97.41499
132672,41059411,,IL,N,101.3,5,Isolated,37.13211,-89.13076
468099,93052975,Ruth Lake,OR,N,1658.7,1.1,Isolated,43.46954,-122.16357000000001
62666,152117622,,OH,N,200.2,22.6,Isolated,39.62428,-82.95727
23085,115353621,,NY,N,256,5.4,Drainage,44.43218,-73.60667
435696,130013471,,TX,N,829.9,1.4,Drainage,32.45349,-101.94059
203557,68778716,,FL,N,11.5,2,Isolated,27.77167,-82.37201
426822,109724380,,TX,N,20.4,1.6,DrainageLk,29.60692,-95.58883
472941,158122536,,OR,N,1532.9,3.6,Drainage,42.5618,-119.44455
374817,39435135,,KS,N,307.8,8.8,Drainage,38.43485,-95.38991
444531,140810058,,TX,N,85.6,4.4,Drainage,27.893,-98.16846
167983,73950938,,GA,N,62.9,2,Drainage,32.23644,-82.04328
164517,142756043,,SC,N,307.9,1.1,Headwater,35.07173,-82.1704
92948,56136012,,IN,N,118.8,4.3,Drainage,37.87323,-87.05067
316053,144883776,,ND,N,355.3,2.2,Isolated,46.09596,-97.31541
208706,{BE578DE2-6A19-4121-8D9B-37B4BE02CE30},,FL,N,21.3,2.2,Isolated,28.95605,-81.999
285135,122128769,,MS,N,130.9,1.4,Headwater,34.39504,-89.41367
235120,38957810,,AL,N,30.9,2.2,Headwater,31.09376,-87.36827
72182,157076286,,WI,N,268.2,2.4,Isolated,43.56697,-90.07939
83953,{2CB9251D-B07A-43C6-A5F5-1E47CCE7224C},Fogelberg Lake,MN,N,399.7,13.8,Isolated,46.51844,-96.06383
334776,154900913,,SD,N,891.2,2.7,Drainage,44.68031,-103.20798
197337,112034043,,FL,N,23.7,3.8,Isolated,28.32264,-81.37155
225384,72200138,,GA,N,127,1.2,Isolated,31.65175,-83.75923
30059,60451795,Country Club Ponds,NJ,N,87.4,3.3,Drainage,40.9488,-74.2359
327246,104436061,,MT,N,1191.2,2.2,Drainage,45.18401,-107.60674
275048,88560919,,AL,N,169.5,13.1,Drainage,34.6161,-86.99691
451965,90413049,,CO,N,2157.9,1.3,Drainage,39.96681,-107.59854
284949,124183118,,MS,N,51.9,3.2,Drainage,34.25852,-90.08942
249750,124068972,,MS,N,56.1,2,Drainage,31.37821,-88.85764
274373,{294DFBA9-1C15-40FD-80EB-06B673DBAA96},,TN,N,553.3,1.3,Isolated,35.14838,-85.88731
5368,69884290,Wildcat Lake,WI,N,505.4,118.7,Drainage,46.17183,-89.61387
41981,135271481,,NY,N,477.8,1.8,Isolated,44.4066,-74.41289
305068,{0485c9a0-56cf-41fe-b814-6757b924f27b},,LA,N,1.6,5.8,Isolated,30.05849,-92.72579
373610,34373198,,KS,N,292.4,4.5,Drainage,39.25488,-95.13093
298663,131070192,,MS,N,64.3,1.8,Headwater,32.631,-90.39022
344799,126572815,,NE,N,1103.6,1.5,Drainage,42.78832,-103.44602
149914,{E3495FE3-7950-42E1-8C4E-2CBD8C5AC01F},,VA,N,111.5,1.4,Isolated,36.66231,-79.07247
269813,38162785,,TN,N,472.2,1.1,Isolated,36.2593,-84.59715
158083,112780358,,NC,N,311.1,1.4,Drainage,36.12671,-80.79504
150351,150404240,,NC,N,119.4,1.1,Drainage,36.42555,-78.50936
476886,146080889,,CA,N,75.7,6.3,Isolated,35.53,-119.51115
431536,95945221,,TX,N,110.1,5.1,Drainage,30.09847,-96.57836
435455,95961281,,TX,N,17.5,3,Headwater,29.40751,-95.69932
246011,131264177,,AL,N,145.7,1.3,Headwater,33.44871,-87.22584
403434,151521704,Upper Clear Boggy Creek Site 48 Reservoir,OK,N,227.5,4.7,Drainage,34.70028,-96.52234
6434,132859654,Silver Lake; SILVER LAKE  (ST. LAWRENCE),NY,N,451.6,48.7,Drainage,44.22629,-74.82671
264667,{A875C4CF-D26A-4866-B2EB-95242E8C8619},,IN,N,133.9,8.2,Drainage,39.22778,-87.56716
84728,82553944,,MN,N,434,1.6,Isolated,46.0901,-95.63644
342608,145407265,,ND,N,587.2,254.2,Isolated,47.35111,-100.22694
15709,151839556,,IL,N,115.2,1.5,Isolated,38.06985,-88.17894
340387,132148194,,ND,N,630,1.1,Isolated,47.80734,-100.93752
458922,60786975,Cabin Lake,MT,N,908,7,Isolated,48.15793,-114.07517
224515,136593122,,GA,N,202.3,1.5,Drainage,33.01448,-85.14135
126509,152840083,,OH,N,274.9,1.7,Isolated,40.26212,-84.3037
364379,154573981,North Twin Lake,NE,N,833.9,32.5,Isolated,42.32197,-100.12129
259221,{6CD6155E-273C-4CA3-86A5-D887F3F10FFC},,OH,N,327.1,3.1,Isolated,40.18535,-81.04799
125107,82553636,,MN,N,399.9,2.5,Isolated,46.12034,-95.6811
457920,81310877,Fourmile Basin Lakes,MT,N,2494.5,6.7,Headwater,46.08741,-113.23699
110605,123165678,,IN,N,238.6,6.7,Drainage,41.62918,-86.68865
258495,150995118,,IN,N,247.8,3.3,Drainage,41.26791,-85.11442
118323,123392690,,MI,N,399.9,1.2,Drainage,46.47864,-89.43
386440,33434333,,KS,N,349.9,1.1,Drainage,38.23285,-96.00842
435254,128998065,,TX,N,105.5,1.2,Drainage,30.89868,-96.57688
145175,61382833,,VA,N,55.2,1.6,Drainage,38.01234,-77.34117
276404,{8A93520B-B049-48E3-9848-F36A89360A86},,WI,N,373.6,5,Drainage,45.70139,-91.11473
257445,155638808,,IN,N,277.2,1,Drainage,41.73042,-85.31113
171996,136109450,,GA,N,123.3,1.9,Drainage,33.4167,-82.2247
269998,38162185,Newport Lake; Cooper Pond,TN,N,452.5,6.4,Drainage,36.49173,-84.56756
37742,155918133,Feller Reservoir,IN,N,286.7,2.4,Drainage,39.28448,-85.21822
417884,93978978,Long Lake,TX,N,65.5,10.9,Isolated,31.62974,-95.77359
133814,155245104,,OH,N,293.5,1.5,Headwater,40.67254,-82.05415
170214,47117998,,GA,N,94.4,2.7,Isolated,33.16261,-82.55699
421502,93966956,,TX,N,93.8,2.3,Isolated,31.79714,-95.79769
292905,152467863,,LA,N,63.8,1.2,Headwater,32.32594,-92.48638
54224,65650433,,PA,N,490.4,1.3,Drainage,41.0015,-75.95257
75631,45477591,,MO,N,266.3,1.5,Isolated,38.95577,-92.12426
393165,127956707,,OK,N,198.8,1.6,Drainage,35.70132,-95.75573
293280,151975608,,LA,N,14,1.7,Headwater,31.43246,-91.56925
323275,145003423,,MT,N,1100.4,1.1,Drainage,48.25513,-109.14304
15916,76242966,Jerry Lake,WI,N,440.1,10.6,Headwater,45.22288,-90.58951
454685,137045460,Arrowhead Tank,AZ,N,1718.8,2.8,Drainage,33.6451,-110.27888
361618,150640819,,NE,N,625.6,1.8,Isolated,40.70224,-98.84883
471643,129074403,,WA,N,133.4,1.2,Drainage,48.09536,-121.95066
458039,60176010,Lake Estelle,ID,N,1758.4,1.8,Headwater,48.3773,-116.11833
138351,142978708,Third Lake,ME,N,302.9,21.4,Drainage,47.11165,-68.82068
388215,148456088,,OK,N,210.7,6.4,Isolated,34.82553,-95.99483
470311,129462981,,WA,N,74.1,1.8,Drainage,46.77561,-122.81768
434254,95947619,,TX,N,83.9,3.4,Drainage,30.06306,-96.29896
448382,37155871,,TX,N,155.8,1,Isolated,27.21384,-99.18909
273083,90695023,Spivey Lake,NC,N,717.8,1.4,Drainage,35.54007,-82.43313
478425,153038719,,CA,N,45.5,3.4,Drainage,37.91108,-121.73573
187040,107823613,,FL,N,12.7,3,Isolated,28.91253,-81.44625
430067,97249191,,TX,N,299.8,6,Drainage,32.04029,-97.87241
448371,37153853,Jesse McNeel Lake Number 3,TX,N,126.7,12.6,DrainageLk,27.20205,-99.35767
387921,129247736,,OK,N,369.4,1.4,Isolated,35.24105,-97.6146
84443,44361246,Nugent Lake,MI,N,277,11.4,Isolated,46.5284,-86.19388
111782,90769907,Edmond Lake,MN,N,405.1,18.6,Isolated,47.67662,-93.64694
388524,129247616,,OK,N,413.7,1,Headwater,35.25324,-97.78192
356376,147525569,,SD,N,545.3,46.6,Drainage,44.99871,-97.49036
109670,121840322,,MN,N,367.6,2.1,Drainage,47.14774,-96.07892
79988,61783911,Wickham Lake,NY,N,157.9,69.7,Drainage,41.28215,-74.29476
244534,90621354,Crenshaw Pond,AL,N,31.4,2.2,Isolated,32.7576,-87.84532
307029,{088fec3e-ef03-4def-adee-25bca602a98b},,LA,N,11.7,41.5,Isolated,30.38076,-92.46417
361472,2a9802de-af2b-43d4-92d4-551fdea14c3e,,CO,N,1716.1,1.6,Drainage,39.60033,-104.80896
112604,41241033,,MN,N,203.1,7.6,Drainage,43.83281,-91.34811
262279,52940408,,KY,N,122.1,1.2,Isolated,37.45667,-87.28538
87905,91678587,,MN,N,285.6,1.8,Drainage,45.64057,-93.10807
334458,154904518,,SD,N,782.3,4.3,Drainage,44.38914,-102.88878
55198,43494946,Silver Lake,NY,N,327.6,14.2,Drainage,42.60006,-75.33068
15231,141636254,,OK,N,233.4,2.6,Isolated,36.85385,-94.87226
251508,122773650,,MS,N,121.2,1.7,Drainage,32.3029,-89.11273
265358,{c85c75d5-b51c-4630-bc6c-a147655e0b77},,IN,N,155.4,1.5,Drainage,39.45064,-87.49914
51176,155636744,,MI,N,252.8,15.3,Isolated,41.98184,-85.52978
223398,146921532,,AL,N,99.1,5.8,Headwater,31.98532,-85.46169
143637,51769997,Walton Pond,MD,N,74.7,1.3,Drainage,39.09964,-77.4325
34690,59805039,,MN,N,460.7,1.2,Isolated,47.05679,-94.86424
178817,79503260,,GA,N,151.2,1.5,Headwater,32.97028,-83.47684
28751,106351371,,MN,N,351,1.5,Drainage,48.47167,-92.85713
257256,{6af0e02f-3b5a-4b26-b793-0ab01560799f},,IN,N,288.1,3.4,Drainage,41.51587,-85.33277
31382,151873776,,MI,N,251.7,1.6,Isolated,42.19941,-83.78957
459035,59468153,,MT,N,1271.9,2.1,Isolated,46.99201,-113.03465
24026,152707981,Lake Sanford,MI,N,182.1,6.9,Isolated,42.91631,-85.75695
37057,86276557,,MN,N,414.4,6.1,Isolated,46.69904,-95.87354
454123,152740374,,CA,N,54.5,2,Isolated,32.87915,-114.47172
424405,94901039,,TX,N,4.6,1.6,Isolated,29.73379,-94.63616
172037,136107730,,GA,N,72.3,1.3,Isolated,33.56945,-82.1577
358648,143278967,,NE,N,1231.3,1.1,Isolated,41.92478,-104.036
250795,148142171,,MS,N,148.7,1.6,Drainage,32.30408,-88.68139
404744,93583735,,TX,N,165.8,3.6,Drainage,33.64458,-96.01613
77980,107074402,,MN,N,418.9,1.6,Isolated,46.8141,-92.3327
367466,148801633,Spring Creek Reservoir 9-5,NE,N,354.9,2.1,Drainage,40.39101,-96.11311
465816,51547412,,ID,N,2120.8,2.1,Drainage,44.31284,-115.24751
346532,126554600,,NE,N,1090.2,1.6,Drainage,42.97103,-102.22304
128301,69885058,Forest Wander Lake 17; Forest Wonder Lake,WI,N,485.2,2.8,Drainage,46.14683,-90.2872
280988,143705721,,AR,N,105.5,2.5,Headwater,35.8839,-90.78432
255969,151096765,,MS,N,16.3,2.1,Isolated,30.59774,-89.69657
80151,155443333,,WI,N,240.4,1.4,Isolated,43.89042,-89.21544
137042,107514470,,MN,N,437.9,2.6,Drainage,47.23824,-91.5635
279274,125010251,,TN,N,129.6,1.1,Isolated,35.71762,-88.80194
457680,60951931,,MT,N,681.8,1.9,Isolated,48.01929,-115.8142
363252,{3BC63303-431E-433D-A50F-2CB52644A4D7},,NE,N,372.8,1.2,Drainage,40.74753,-96.67116
212415,78588935,,FL,N,12.7,6.5,Isolated,27.06445,-81.78104
169283,46758159,,GA,N,259.6,1.4,Isolated,34.13659,-83.34563
127641,145331271,,MI,N,284.9,1.2,Isolated,42.60095,-83.52261
476174,130951090,Hidden Valley Lake,CA,N,336.7,39.5,Drainage,38.8107,-122.56411
376707,141679617,Goodman State Fishing Lake,KS,N,674.6,7.6,Drainage,38.38514,-99.85306
353405,148199637,,SD,N,488.6,1.9,Isolated,43.7102,-98.64606
351596,145087811,,SD,N,546.4,2.9,Isolated,45.62125,-97.49378
50291,152859194,,OH,N,210.1,1.4,Isolated,39.29183,-84.58752
340460,141672359,,ND,N,537.4,1.5,Drainage,46.45107,-100.64725
42367,109987838,Sunfish Pond,IL,N,217.5,1.9,Isolated,41.92653,-88.05866
97278,121628330,,IL,N,256.6,2.8,Isolated,42.20194,-88.09566
65000,91686207,Cranberry Lake,MN,N,274.4,8.2,Drainage,45.27361,-92.91258
372293,124487226,,NE,N,449.4,1.8,Drainage,40.58716,-97.1577
58510,{DC44EE09-D2AE-40E2-BEC7-A0DCA82CD9EC},,VT,N,194.9,1.7,Drainage,44.78467,-72.9991
120174,105466519,,MO,N,218,5.4,Headwater,38.00779,-93.9498
424662,109567639,,TX,N,62.4,1.3,Isolated,30.1944,-95.59391
211680,166403970,,FL,N,4.3,1.3,Isolated,27.09855,-82.39798
270282,54409593,,KY,N,181.1,1.6,Isolated,36.74681,-86.90983
206868,68757834,,FL,N,19.3,2.2,Isolated,28.18588,-82.47258
205464,44984371,,FL,N,5.9,1.4,Isolated,27.49312,-82.62645
427395,127148744,,TX,N,4,1.6,Isolated,29.09413,-95.42047
117930,105953683,,MN,N,389.5,1.1,Isolated,48.13253,-92.46433
57783,74924383,Goodwin Lake,WI,N,434.9,3.9,Headwater,46.13147,-91.01779
229635,130052047,,FL,N,1.9,1.6,Drainage,29.99595,-85.00063
369603,138874206,,KS,N,840.7,1,Drainage,39.51923,-100.54252
144278,{A091FA45-D5FC-45BF-88A4-4C233856A5CD},,VA,N,110.7,1.5,Drainage,37.68999,-78.47725
177099,49692399,,GA,N,163.3,3.3,Drainage,33.4164,-83.91154
317555,49980090,Lily Lake,MT,N,2186.1,5.5,Drainage,45.62459,-113.3284
279172,124396982,Pipkin Lake,TN,N,95.8,1.6,Isolated,35.42581,-89.08284
268869,{3f61c148-da6d-4d11-828f-b31a5b5d3356},,IN,N,266.5,2.2,Drainage,40.22345,-85.5572
86780,80003525,,MN,N,433.3,8.3,Isolated,47.36805,-93.17964
321688,137851444,Stink Lake,MT,N,791.8,4.1,Drainage,48.51002,-109.78135
279206,124399693,,TN,N,148.6,15.6,Drainage,35.03401,-88.98365
290783,60820355,,AR,N,222.5,1.4,Drainage,34.67394,-93.03478
267143,{86fe1b07-2a2b-4759-bda0-4ee8d66968d3},,IN,N,272.2,1.2,Drainage,40.09657,-86.52638
222662,129952508,,FL,N,32.6,2.2,Isolated,30.48701,-84.60934
335158,137356415,,SD,N,1093.5,1.9,Drainage,43.06094,-103.19978
469564,129462966,,WA,N,71,6.6,Drainage,46.7752,-122.82854
44162,90346668,Harmons Lake,IN,N,167.1,5.3,DrainageLk,39.12203,-87.16026
301885,{5fa75e37-2bb4-4f4d-ad76-91c827fee5ae},,LA,N,12.8,6.2,Drainage,31.08451,-91.78839
324250,143498949,,MT,N,654.2,1.6,Isolated,48.92747,-104.20159
425631,111779509,,TX,N,0,3,Headwater,29.69243,-93.86117
91468,122226075,,CT,N,169.1,3,DrainageLk,41.33438,-73.4882
296301,130704004,,LA,N,15.3,2.2,Isolated,31.65091,-91.47722
342716,144078158,,SD,N,943.6,1.2,Isolated,45.40264,-103.1184
33737,77358380,,WI,N,456,53.1,Isolated,45.86587,-90.36398
78304,155470245,,IN,N,165.8,14.7,Drainage,39.28065,-87.30449
103908,87820341,,MN,N,411.3,1,Isolated,46.91645,-92.4104
438511,92669365,,TX,N,321.8,1.9,Drainage,30.27358,-98.04682
449907,77942267,Beaver Lake,CO,N,2971.1,2.5,Drainage,39.56411,-106.53545
60369,123394263,Hehe Lake,MI,N,481,2.4,Drainage,46.37046,-88.88565
355512,145092358,,SD,N,553.2,1.5,Isolated,45.24056,-97.57889
217642,80533771,,GA,N,91.8,2.6,Headwater,31.39598,-83.73637
196099,{1EABD078-9772-4FAC-A606-1FAF803D98CD},,FL,N,0,1.7,Isolated,25.82573,-81.29857
50867,142806563,,ME,N,345.5,3,Drainage,46.53775,-69.15308
73377,86280207,,MN,N,421,3.2,Isolated,46.44515,-95.93278
6823,156106610,Silver Lake; Coon Lake,IL,N,127.7,109.6,DrainageLk,38.95852,-90.48193
394706,137895379,,TX,N,589.7,2.5,Drainage,34.95383,-100.16997
426349,127148771,,TX,N,2.7,2.5,Isolated,29.08434,-95.36997
157234,112779944,Deep Creek W/S Structure Number Six B,NC,N,294.3,2.9,Drainage,36.15032,-80.76208
106817,121936161,Rock Pond,CT,N,34.9,1.3,Isolated,41.39554,-72.086429999999993
4396,137047422,Dale Maffit Reservoir,IA,N,280,75.6,Drainage,41.51407,-93.79375
457250,145888710,,NV,N,1206.9,1.4,Isolated,39.51723,-118.79516
461287,150468033,Lake Cortez,WA,N,265.1,15.4,Isolated,47.3653,-120.22678
247489,121581667,,MS,N,113.1,2.5,Headwater,33.75237,-88.88668
133991,155635944,,MI,N,197.5,1,Isolated,42.23749,-86.2492
369352,148290234,,KS,N,1051.4,4.1,Isolated,39.47372,-101.46946
3725,129223860,Little Platte Lake,MI,N,177.9,362.9,Drainage,44.70291,-86.06896
69577,33530409,,NY,N,626.4,1.7,Headwater,42.52638,-74.60956
33300,121207880,,IN,N,192.8,3.1,Drainage,41.51504,-87.35792
451645,38354061,Frozen Lakes,WY,N,3492.8,9.4,Isolated,42.68694,-109.16165
273357,132366262,,TN,N,248,24.4,Drainage,35.86575,-84.05713
201066,112027793,,FL,N,20.8,3,Isolated,28.54707,-81.453
101767,{890DB124-6D3E-40B1-B562-AA19FEC99923},,NY,N,450.7,1.4,Headwater,42.14779,-75.7384
181989,47013820,,GA,N,99.9,1.1,Isolated,32.34098,-83.11342
301445,156835902,,LA,N,0.2,3.9,Drainage,30.03261,-92.6866
236165,63037947,,FL,N,42.8,1.2,Drainage,30.74407,-85.53521
14582,146646443,Cranberry Lake,MI,N,286.5,24.2,Drainage,42.79238,-83.14032
483076,79972571,,CA,N,1160.4,4.6,Headwater,36.90956,-118.18627
410214,{b909dec7-a7c5-4080-9a67-d7aa6650a6b3},,LA,N,55.5,1.4,DrainageLk,32.99455,-93.39911
422163,93967378,,TX,N,135.8,1.2,Drainage,31.79134,-96.44155
435288,129000910,Dobrovolny Lake,TX,N,84.2,3.6,Isolated,30.66103,-96.44667
91845,90143667,,IN,N,301.8,1.1,DrainageLk,40.06178,-85.45809
111605,159101907,,MN,N,368.4,2.2,Headwater,43.597410000000004,-93.28583
111071,111727719,Pickerel Lake,MN,N,352.1,22,Headwater,46.40344,-92.43734
83083,136891724,,NH,N,363.5,1.3,Drainage,43.07277,-72.24228
16464,123396674,Johnson Lake,MI,N,497.4,7.9,Drainage,46.25278,-88.96402
244363,146506846,,MS,N,58.1,1.3,Isolated,33.55674,-88.34486
460564,146694340,Peepsight Lake,WA,N,2157.2,1.6,Headwater,48.89519,-120.24672
272144,{664c4a35-e1b2-4383-89fc-af8f96ec85ae},,IN,N,137.2,1.6,Drainage,38.19499,-87.30775
163910,103621947,,SC,N,161.5,1.5,Drainage,34.74375,-81.77506
382105,149407988,,KS,N,393.3,8.5,Drainage,37.35679,-96.6543
337953,139474505,,SD,N,585.5,3.4,Drainage,45.1029,-99.78896
427970,128195065,,TX,N,970.8,3.4,Isolated,33.86174,-101.54207
414936,100417612,,TX,N,62.5,4.2,Isolated,31.0008,-94.72316
72734,155442394,,WI,N,227.9,2.5,Isolated,44.02804,-88.81617
6603,98648704,ANGLERS MILLSTADT S,IL,N,177.2,3,Isolated,38.46946,-90.08173
36167,150569449,Rancourt Pond,ME,N,403.2,12.5,Headwater,45.66164,-70.30657
434826,97741809,,TX,N,90.4,2.3,Drainage,30.85407,-96.22031
270395,37901006,,KY,N,321.8,2,Drainage,36.65477,-84.02085
7740,152432565,Lovejoy Pond,ME,N,54.2,153.6,DrainageLk,44.51958,-69.47016
198863,102250781,,FL,N,9.9,6,Drainage,27.18646,-80.63899
406793,61047459,,AR,N,80.1,1,Drainage,33.23619,-93.23021
254672,A9CB47C4-4011-4608-AE5C-BAAA64EDC7FB,,MS,N,45.7,8.6,Drainage,30.66721,-89.75691
134207,111886429,,NH,N,362.6,1.4,Headwater,43.20994,-72.3429
342868,143226972,,SD,N,728.2,1,Drainage,45.83771,-101.90327
283591,143939455,Waters Bayou,AR,N,45.6,164.7,DrainageLk,34.38608,-91.08373
280010,127629179,,TN,N,81.4,1.3,Headwater,35.03913,-90.06538
306359,{779b9f20-7179-4587-8dbc-e5981af308c4},,LA,N,13.2,2.5,Isolated,31.02084,-92.08796
162608,124230856,,SC,N,71.8,1.2,Drainage,33.89074,-81.18935
302133,{adf068f5-56ba-4ff4-a82e-2a6761e811be},,LA,N,0.5,5.3,Drainage,30.04674,-93.26013
369342,132831479,Reservoir Pond; Imperial Reservoir,NE,N,979.1,18.6,Drainage,40.4643,-101.69991
251642,113800577,,MS,Y,8.6,3.7,,30.85209,-88.75011
107352,59804243,,MN,N,482.3,4.9,Isolated,47.1009,-95.31882
156054,46375445,,NC,N,134.3,1.1,Drainage,35.7555,-79.09511
474236,84071793,,CA,N,1266.1,1.7,Isolated,41.71462,-121.29551
287776,125625200,,MS,N,34.1,4,DrainageLk,33.36233,-90.63077
103018,57420799,,WV,N,197.5,2.1,Drainage,38.95384,-82.04564
448258,96841476,,TX,N,218.8,1,Drainage,27.92057,-99.74688
409803,127225886,,TX,N,83.8,1.8,Isolated,32.6569,-94.56413
173704,84136308,,GA,N,92.7,1.2,Headwater,32.64683,-82.4074
123702,82817478,Mud Lake,MI,N,211.4,2.6,Drainage,43.83766,-86.28579
372080,34388678,,KS,N,262,26.4,Drainage,38.84679,-95.16473
114277,123058094,,OH,N,338.8,1.8,Isolated,41.2312,-81.40723
172877,52032105,,GA,N,278.7,1.5,Headwater,34.21456,-83.63699
422280,96054123,,TX,N,151.6,3.8,Headwater,32.67928,-96.11247
445769,94624948,,TX,N,114,1.5,Isolated,28.31074,-99.0148
271160,36753206,,KY,N,217,4.5,Drainage,38.17494,-85.35628
287799,147415521,,MS,N,30.4,4.1,Drainage,32.81726,-90.45548
316913,80995109,,MN,N,571.8,1.1,Headwater,48.07357,-90.619
265496,155471145,,IN,N,180.3,1,Drainage,39.16925,-87.2204
477553,33992177,,CA,N,3355.1,1.2,Drainage,37.00621,-118.44608
158540,151022200,,NC,N,219.4,1.1,Headwater,35.513420000000004,-80.51846
125301,98645370,,IL,N,155.4,1.2,Drainage,38.73475,-89.87175
430816,101218761,,TX,N,327.6,2.3,Drainage,32.61863,-97.70453
199636,{90A81B5C-00F8-4A3E-87FB-63A7D5179F6D},,FL,N,7.3,6.9,Isolated,26.43834,-81.6206
108160,73886138,Bethesda Sportsmans Club Pond,OH,N,342.5,3.2,Drainage,39.98915,-81.09666
426084,111752851,,TX,N,2.5,5,Isolated,29.80069,-94.23771
85876,155016998,,IA,N,320.5,1.3,Drainage,41.70692,-94.34072
247360,86704762,,AL,N,106.3,2.8,Drainage,33.68051,-87.2011
264826,{0bd0ef6f-7179-4346-8aac-5bba480fc37e},,IN,N,158,4.9,Headwater,38.33269,-87.19646
265051,{1f8fe644-f6ca-44d1-a87d-06d5c222fab9},,IN,N,185.6,1.3,Drainage,39.4906,-86.3608
134045,123393148,,MI,N,468.5,2.2,Drainage,46.41169,-88.88978
7101,90569113,LaSalle County Nuclear Station Cooling Pond,IL,N,212.7,799.7,Drainage,41.25467,-88.63696
236436,89419949,Kimberly-Clark Lake,AL,N,190.5,13.2,Headwater,33.24638,-86.77359
172062,73944940,,GA,N,70.4,1.3,Drainage,32.56943,-82.09551
313242,144411419,,ND,N,632.3,1.6,Isolated,47.83607,-100.81035
268434,53460243,,IN,N,155.8,1.1,Drainage,38.58899,-87.18028
271006,{491cfb50-17ad-4c4d-bdff-e968170be901},,IN,N,142.6,2.3,Drainage,38.1357,-87.31986
511,143249311,Upper Nashotah Lake,WI,N,266,53.1,Isolated,43.08544,-88.42891
381751,150517466,,KS,N,467.5,2.4,Drainage,37.0279,-98.82939
241102,ea8c9ad4-1bca-468d-9946-37c3b48a0256,,AL,N,57.4,1,Drainage,32.32265,-87.47085
296273,1BFF4B95-7EE5-4E47-9230-1A09E043D6AB,,MS,N,14.8,5.1,Isolated,31.20335,-91.5702
123604,107073284,,MN,N,411.9,2.6,Isolated,47.25732,-93.07225
328693,123799553,,WY,N,1225.5,1.2,Drainage,44.71542,-106.00156
262028,52942944,,KY,N,120.1,5.3,Drainage,37.20374,-87.30081
6254,141033304,Ayers Pond,NH,N,70.2,95.4,Drainage,43.25475,-71.04548
483152,{1AE3EE1F-10DA-4901-99BB-FBBCD3DC5BF8},,CA,N,773.1,31.4,Isolated,34.65179,-117.91685
302488,{2d492596-d1ad-4d57-8b88-ceae61a83450},,LA,N,0.9,8,Isolated,29.91315,-92.38318
145366,133282894,,VA,N,-0.9,3.4,Headwater,36.76947,-76.28398
291260,144675671,,AR,N,82.1,1,Isolated,33.64616,-91.78958
395549,137694174,,OK,N,211.5,1,Headwater,34.0352,-96.61955
370310,137927527,,KS,N,651.4,1.9,Drainage,39.9162,-99.29286
131274,86274403,,MN,N,412.8,1.2,Isolated,46.83381,-95.8521
10271,25940988,,PA,N,405.4,1.5,Drainage,41.57235,-75.37611
171361,61319234,,GA,N,78.7,2,Drainage,32.61111,-81.9281
330507,136482851,,MT,N,1060.6,1.1,Headwater,45.44043,-104.73464
233215,{0690DEE4-4B58-49DB-8346-89BFBF44F023},,FL,N,22.3,1.1,Isolated,30.70192,-85.75321
416157,110256209,,TX,N,124.9,1.3,Headwater,32.0109,-94.72809
422291,96081373,City Lake,TX,N,86.3,17.8,Headwater,32.16138,-96.08
264190,{64074995-038f-4e1a-a8cd-a1bf83f1ce8f},,IN,N,145,2.9,Drainage,39.0114,-87.11248
377655,45840994,,KS,N,454.8,3.2,Drainage,37.54449,-96.61692
481216,41672505,,CA,N,1.7,1.5,Headwater,38.18673,-122.40101
472813,83450137,,OR,N,1365,3.2,Isolated,42.19741,-119.88413
330079,143758864,,ND,N,601.8,1.8,Drainage,48.05864,-103.88047
475450,113916679,,CA,N,2.4,1.9,Isolated,38.56775,-121.50284
18213,105953729,,MN,N,402,6.1,Drainage,48.12494,-92.40524
361604,150664343,,NE,N,668,4,Isolated,40.67167,-99.23118
260748,120023313,,KY,N,231.6,1.2,Headwater,38.25032,-84.97749
471562,155197553,,WA,N,75.6,2.2,Drainage,47.32363,-122.62358
51267,151062730,,OH,N,276.4,4.2,Drainage,41.17979,-81.86546
308745,{36006EAF-DD59-48E6-9AD0-3F7B83F84A1F},,LA,N,0,15.5,Isolated,29.21279,-89.44168
311210,144451725,,ND,N,502.6,1.9,Drainage,48.3252,-101.4249
268136,{40190370-80bb-4176-a791-22358e38f699},,IN,N,276.1,1.5,Drainage,39.08778,-85.36986
45915,152512456,,MI,N,342.8,1,Isolated,46.30469,-87.32283
73837,152094685,,MI,N,262.9,2.8,DrainageLk,42.63871,-84.50469
111041,66922375,,PA,N,647,4.1,Headwater,41.48304,-76.26293
315845,150022363,,ND,N,530.6,1.8,Isolated,48.86241,-99.49549
121874,120019456,Kenogama Lake,MN,N,403.6,228.7,Isolated,47.49381,-94.36686
410127,{e27363ef-a0a5-4562-bdcc-deee6079a14f},,LA,N,79.5,3.9,Drainage,31.96907,-93.56143
47061,84203203,Saunders Pond,NY,N,530.6,4.9,Headwater,42.22917,-77.9851
334080,143755323,,ND,N,657.4,1.2,Isolated,48.25111,-102.07432
15349,60434895,Lake Denmark,NJ,N,284.2,2.5,Isolated,40.94779,-74.54233
482684,55093109,,CA,N,2016.8,1.6,Isolated,40.51089,-121.17789
351667,145088591,,SD,N,570.7,3,Isolated,45.53265,-97.35465
54146,33531257,,NY,N,355.3,11.5,Drainage,42.65128,-74.40153
343871,151679423,,SD,N,666.8,1.4,Headwater,45.27046,-101.30527
36497,83976661,,MI,N,217.2,1,Isolated,44.60104,-83.52708
340725,145416895,,ND,N,538.8,7.1,Isolated,46.83988,-99.36564
180483,95789795,Dorminy Lake,GA,N,100.6,4.6,Drainage,31.71298,-83.18206
444230,128823686,,TX,N,0,4.1,Isolated,27.58922,-97.31131
468454,123691495,S M S Reservoir Number One,OR,N,210.4,2.1,Drainage,44.90883,-122.77486
346914,144278587,,SD,N,545.1,1.3,Drainage,44.02876,-98.74566
109330,35035713,Brown Lake,IN,N,241.4,4.2,Drainage,41.01265,-85.9082
428892,97321820,,TX,N,314,4.6,DrainageLk,32.99682,-98.70729
435046,96293270,,TX,N,307.5,1.5,Drainage,30.68687,-97.97861
99901,146646915,,MI,N,213.7,1.3,Isolated,42.69274,-83.06115
465391,52918833,,ID,N,2386.1,3.4,Isolated,45.10542,-115.85716
214982,127396849,Armstrong Pond; Cobb Pond,FL,N,33.6,56.6,Isolated,30.53115,-83.4317
25234,57937448,Longs Retreat Lake,OH,N,211,3.5,DrainageLk,39.0891,-83.31956
328573,{47E8163E-6EAB-482A-B1EA-DBB0ECE04541},,MT,N,932.7,3.7,Drainage,45.95401,-105.24822
384160,131466757,,OK,N,208.3,1.1,Headwater,36.30923,-95.79731
19723,44365952,Kepler Lake,MI,N,213.5,2.3,Isolated,46.11761,-86.30341
250022,121373477,,MS,N,44,1.2,Drainage,30.59554,-89.37601
273948,139291080,Porter Lake,TN,N,216.3,9.2,Drainage,35.61009,-84.83336
413794,116582567,,LA,N,92.4,1.1,Headwater,32.14233,-93.93186
94960,155216220,,IL,N,153.4,5.1,Isolated,38.98936,-88.06877
254058,121469937,,MS,N,115.8,1.4,Headwater,32.16754,-90.37454
31115,167101977,,NY,N,430,2.4,DrainageLk,43.73505,-73.59938
312670,143183166,,ND,N,563.1,1.7,Isolated,48.79527,-99.7036
470653,129061139,SMC Lake,WA,N,1129.6,15.7,Drainage,47.54481,-121.65686
451855,90205115,,CO,N,2969.5,1.3,Drainage,40.18511,-107.32688
470831,130869968,Forest Lake,WA,N,162.6,2.5,Drainage,47.04937,-122.19271
427141,94892297,,TX,N,1.2,2.4,Drainage,29.6062,-94.39392
133493,144562085,,IL,N,211.6,1.8,Headwater,39.94097,-91.2452
366672,148239647,,NE,N,704.3,1.1,Isolated,42.59388,-99.54053
61002,42908315,,MO,N,163.3,1.1,Headwater,36.9233,-90.40344
8827,91686985,,WI,N,303.3,14.8,Isolated,45.22945,-92.47604
246208,121582589,,MS,N,65,1.7,Isolated,33.64363,-88.69744
186593,112615094,,FL,N,21.5,2,Isolated,29.48601,-82.00693
252023,{2A6498C8-499A-420B-BC1A-F89A8D4D82F5},,MS,N,167.7,18.9,Drainage,32.66789,-88.95434
221524,129753018,,GA,N,74.5,1.3,Drainage,30.79588,-84.00869
237193,41276973,Westbrook Lake,GA,N,364.4,1.2,Headwater,34.24111,-84.25696
306679,147931357,,LA,N,3.1,5.4,Isolated,30.2597,-93.32494
151290,3ab0d6b3-4f33-4574-a13a-245357d08a59,,VA,N,23.4,3.2,Isolated,36.80364,-76.97608
428287,{9C67C17B-7BD5-430D-A900-0EE0726531A8},,TX,N,922,25.6,Isolated,33.15806,-101.69613
231862,35166344,Neal Spears Lake,AL,N,49.4,1.9,Isolated,31.06831,-86.10591
19046,86363969,,MN,N,417.6,3.4,Drainage,46.07546,-95.53187
95319,86282655,,MN,N,407.3,3,Isolated,46.26072,-95.73037
376307,129966317,Creager Reservoir,CO,N,2398.6,11.8,Drainage,37.84339,-105.34142
17295,152430420,Perry Pond,ME,N,151,4.8,Drainage,44.94936,-69.57122
372519,44644679,,KS,N,313.7,1.3,Isolated,39.3802,-95.56462
360679,128057847,,CO,N,1477.6,1.1,Isolated,40.19543,-104.93698
82630,82983103,,MN,N,375.5,3.6,DrainageLk,46.06448,-93.47684
324746,143498879,,ND,N,639.1,3.5,Isolated,48.95143,-103.85572
447904,97002076,Macho Reservoir; Soil Conservation Service Site 1 Reservoir,TX,N,1094.3,8.3,Drainage,31.18162,-105.69777
275868,{DEECA49A-CB5A-4FB6-B87D-B17D76AD4C1A},,MN,N,362.9,5.2,Isolated,45.32829,-94.61137
294022,{2986bc69-8e70-48cc-aa4d-f217ee4314df},,LA,N,18.4,1,Drainage,31.89344,-91.57825
69639,62634764,,NY,N,453.9,1.3,Headwater,42.89493,-75.65992
295767,156237908,,LA,N,21.2,1.2,Isolated,32.08856,-91.70225
127144,141198844,,TN,N,59.2,6,Drainage,35.04157,-90.29121
153073,31413003,,NC,N,103.4,1.1,Drainage,35.82549,-78.44369
323856,136800272,,MT,N,742.2,1.4,DrainageLk,48.94917,-105.66292
208552,41970009,,FL,N,30.4,2,Isolated,28.05017,-82.11248
163523,129796851,Griffith Pond,SC,N,83.4,1.9,Drainage,33.66812,-80.83621
19977,45720404,,MN,N,312.5,6.5,Isolated,45.52496,-94.16503
318703,129595898,,MT,N,1152.6,3.3,Isolated,47.79161,-112.16873
89951,59747699,,MN,N,388.6,1.2,Isolated,46.42475,-93.8532
134654,82553562,,MN,N,377.9,8.8,Drainage,46.131100000000004,-95.69613
334548,156020686,,SD,N,727.5,1.6,Drainage,44.36636,-101.70421
95078,82958101,,MN,N,256.1,7.1,Headwater,44.59531,-95.10869
262813,31960393,,KY,N,129.2,1.1,Drainage,37.28117,-87.09096
478357,77251401,Nydiver Lakes,CA,N,3083.8,5.2,Drainage,37.69245,-119.17523
112047,100524096,,NJ,N,28.9,1.6,Drainage,39.82573,-74.55951
278055,43891253,,MO,N,324,1.1,Drainage,37.76811,-90.930179999999993
412100,116603651,,TX,N,96,5.6,Drainage,31.51523,-94.00505
216694,80539505,,GA,N,68.2,2.9,Headwater,31.10139,-83.64906
393040,69494697,,AR,N,90,1.2,Isolated,35.07256,-92.52212
249602,124070937,,MS,N,57.2,3.4,Headwater,31.28608,-89.18054
168105,73952706,,GA,N,46.2,1.2,Drainage,32.11054,-81.89564
325940,55321447,Weeluna Lake,MT,N,2962.9,3.5,Headwater,45.23381,-109.86961
154919,139646445,,NC,N,27.1,4.2,Drainage,35.02723,-78.80972
16004,121626773,,IL,N,224.3,1.8,Isolated,42.29638,-88.25812
270765,{94b311df-876b-4f07-b8ed-4864f9b4dbc9},,IN,N,133,2.1,Headwater,38.10376,-87.31174
245621,140745885,,MS,N,94.6,1.7,Drainage,34.31909,-88.49385
317030,133435214,,MT,N,1685.3,4.5,Headwater,48.85972,-113.77633
242842,135762669,,AL,N,265.2,5.4,Isolated,33.30736,-85.43634
72248,109986904,,IL,N,252.8,1.6,Isolated,42.03182,-88.13793
359611,117822591,Grant B Reservoir,CO,N,1683.7,8.8,Isolated,39.61492,-105.0811
361069,120819132,Highest Lake,CO,N,3791.7,2.6,Drainage,40.36637,-105.7719
17663,42149337,,NY,N,274.3,1,Isolated,42.74055,-77.9223
402574,126994833,,TX,N,101.3,1.2,Isolated,33.41028,-95.10848
419411,93970704,,TX,N,138.7,2.6,Drainage,31.74501,-96.48985
266778,155474250,,IN,N,143.3,1,Drainage,38.71416,-87.4938
223264,48296068,,GA,N,85.2,1.4,Drainage,31.1764,-84.05662
110626,149994763,,IL,N,182.5,2.1,Headwater,39.04683,-89.51478
121785,53447207,Jean Williamson Lake,IN,N,266.1,2.9,Drainage,39.21614,-86.07556
307019,{91100c11-dfcb-4ee4-8e85-177bc2f3b9ee},,LA,N,15.9,5,DrainageLk,30.95463,-92.4833
21017,59724571,Star Lake,MN,N,367.5,50.4,DrainageLk,46.65906,-94.1704
244255,140749707,,MS,N,63.9,1,Isolated,33.66316,-88.55293
419773,115427269,,TX,N,89.4,3.3,Drainage,30.76645,-95.45319
247717,140747028,,MS,N,109.7,3,Isolated,34.1389,-88.36381
443157,128328856,,TX,N,71.7,2.5,Headwater,29.43942,-97.31937
157387,123385611,,NC,N,188.7,1.3,Drainage,35.7965,-79.96904
289448,151975126,,LA,N,14.3,11.2,Isolated,31.61587,-91.69268
73600,123913023,,MA,N,93.6,1.1,DrainageLk,42.11898,-71.69332
180445,80227329,,GA,N,83.8,1.2,Headwater,31.77086,-83.2428
418027,99211845,,TX,N,12.2,1.3,Isolated,30.06244,-94.7722
317583,52417134,,MT,N,2155.7,1.4,Drainage,45.18361,-111.85711
7898,149808422,Coffeelos Pond,ME,N,320.2,77.5,Headwater,46.162,-69.14629
427183,111756505,Willow Slough Marsh,TX,N,1.5,12.4,Isolated,29.76645,-94.10934
170938,46764145,,GA,N,164.3,2,Drainage,33.82682,-82.88411
307429,{0c7ba377-be85-49c5-81d3-aa70635e0d35},,LA,N,0.5,59.9,Headwater,29.83298,-91.63709
364122,154575272,,NE,N,779.4,1.2,Isolated,42.1895,-99.83503
322989,138973708,,MT,N,809.7,1.5,Drainage,48.86727,-109.40574
294888,151989848,,LA,N,24.6,5,Isolated,32.39134,-91.20808
275842,{40713D9B-4AA8-40C0-9E96-854278AB6C6B},,TN,N,366,1.5,Isolated,35.64919,-86.14744
390232,105628457,Danielson Lake,OK,N,274.4,5.9,Drainage,35.22673,-96.55896
466755,152909484,,WA,N,81.5,1.9,Isolated,45.89508,-119.68864
2675,69883776,American Lake,WI,N,488.3,4.2,Headwater,46.27226,-90.01926
165366,152805208,,SC,N,124.3,1.5,Headwater,33.73936,-81.67202
136216,123631022,,CT,N,48.6,3.3,Drainage,41.88183,-72.73644
246941,140748686,,MS,N,70.2,1.5,Headwater,33.89747,-88.57435
92084,157362914,,WI,N,278,2,Isolated,44.03473,-90.2656
417767,96074129,,TX,N,118.1,1.1,Drainage,32.38092,-96.03721
463359,{2C263F50-FB69-4644-91DD-A8E3C6097100},,ID,N,1188.8,1.2,Isolated,42.81907,-114.4528
420528,93984442,,TX,N,76.3,1.5,Isolated,31.52602,-95.88653
478790,142774560,,CA,N,70.8,7.2,Drainage,38.16989,-120.95158
170617,73947178,,GA,N,58.8,4,Headwater,32.41243,-81.83722
458291,81309951,Thompson Lake,MT,N,2420.9,6.4,Drainage,46.38275,-113.0486
262218,34794073,Ferrill Reservoir,KY,N,238.3,1.1,Headwater,37.41963,-85.39785
364080,153983497,,NE,N,829.4,5.7,Isolated,42.20589,-100.21223
460314,67974156,,MT,N,1533.7,7.6,Drainage,48.20517,-114.77036
360541,120818941,Chiquita Lake,CO,N,3457.1,1.2,Headwater,40.44136,-105.67872
373407,164423023,,KS,N,420.3,1.7,Drainage,39.92299,-96.45607
291672,{4a4073e3-4305-49df-9622-5829d25adeb6},,LA,N,19.7,1.6,Drainage,31.20372,-92.22513
433431,68298859,,TX,N,350,1.1,Isolated,31.52678,-98.11179
242406,89418711,Hargis Lake,AL,N,166.8,7.6,Drainage,33.36704,-86.59567
328712,123083999,,MT,N,798.6,1.9,Drainage,46.23628,-105.64612
97336,43889961,Lakes of Deerwood,MO,N,177.8,3,Drainage,38.33908,-90.60369
191215,167176097,,FL,N,36.8,3.3,Isolated,28.51549,-81.61066
208523,78620359,,FL,N,0.4,1.3,Isolated,26.95331,-82.12965
113874,140843494,,MO,N,341.3,2.9,Drainage,36.77662,-91.91588
384585,46119902,,KS,N,329,4.1,Drainage,37.93307,-96.18244
148049,62589634,Upper Powhatan Lake,VA,N,66.2,12.9,Drainage,37.57648,-77.98798
462447,145381667,,WA,N,1080.9,1.1,Isolated,46.80709,-121.11941
165588,141329165,,SC,N,193.1,1.1,Drainage,35.10148,-81.10964
136259,118180586,Long Pond,ME,N,472.3,4.2,Drainage,45.13542,-71.02012
118956,48788668,,IL,N,126.6,1,Isolated,38.03773,-89.36581
191248,{07C2D3B0-3215-4FB1-814F-9D09BDED370C},Como Lake,FL,N,9,1.3,Isolated,29.48248,-81.57985
449076,129311200,,TX,N,80.1,3.6,Isolated,26.51183,-98.89346
227320,72201452,,GA,N,63.9,2.3,Isolated,31.58976,-84.09885
418617,93968632,,TX,N,128.7,3.2,Drainage,31.77305,-96.14091
92400,152243766,,ME,N,65.8,2.3,Headwater,45.3442,-67.46199
477293,33993747,Jennie Lake,CA,N,2748.2,8.3,Headwater,36.67987,-118.76517
181161,89001155,,GA,N,43.4,1.2,Isolated,31.54889,-82.21695
321851,{A32C8691-041E-4338-B5C3-F590CB120620},,MT,N,745.9,4,Drainage,48.32378,-107.21022
229517,136592816,,AL,N,217.5,1.5,Headwater,33.12498,-85.29112
89579,123148255,Dorothy Lake,WI,N,508.7,9.6,Isolated,46.18348,-89.54048
278331,124630917,,TN,N,120.2,1.5,Isolated,36.07252,-88.81899
145365,133282967,,VA,N,0.3,3.6,Isolated,36.74393,-76.28456
198707,112029071,,FL,N,25.3,13.1,Isolated,28.43887,-81.22548
257280,{e56a589a-6eee-4f82-a91e-9cf4eed52692},,IN,N,317.3,1.5,Headwater,41.65332,-84.89128
132086,122947633,Cunningham Pond,CT,N,446.9,3.9,Headwater,41.87285,-73.2716
147334,39951100,,VA,N,256.4,1.5,Drainage,37.27099,-79.14083
131393,154247572,,IN,N,200.7,7.7,Drainage,40.96269,-87.44644
152204,31413425,,NC,N,81.5,3.2,Drainage,35.79461,-78.36605
14405,65651159,,PA,N,156.4,1.8,Headwater,41.02471,-76.4396
440754,110687213,,TX,N,194.5,1.7,Drainage,29.44271,-98.33029
129987,61762229,,NJ,N,158.9,6.3,Headwater,41.23425,-74.58766
337729,151678412,,SD,N,606.2,2.8,Drainage,45.40563,-100.84023
219437,114411429,,FL,N,24.8,1.4,Isolated,29.59986,-82.69606
225013,55252945,,GA,N,221.1,1.1,Isolated,32.99821,-84.47181
339725,145407974,,ND,N,562.8,6.2,Isolated,47.27207,-99.81108
292683,64940037,North Fork Ozan Creek Watershed Number Two Reservoir,AR,N,152.6,8.4,Drainage,34.0094,-93.78824
24372,45337853,,MN,N,352.4,1.8,Isolated,45.03775,-94.58959
360823,120818912,Crystal Lake,CO,N,3511.5,10.3,Headwater,40.47112,-105.65
451131,136827588,,WY,N,2027.3,28.6,Isolated,42.05328,-107.89113
414190,114046127,,TX,N,152.5,1,Isolated,32.35165,-95.66626
90343,50470782,Lake Fort Scott,KS,N,263.2,136.3,Drainage,37.7808,-94.75723
2634,155642861,Allen Lake,IN,N,265,1.9,Drainage,41.36075,-85.67476
283849,143707447,Brushy Lake,AR,N,56.7,1.4,Isolated,35.21136,-91.25535
143876,51771003,Oliver Lake,VA,N,105.8,13,Drainage,39.07136,-77.67165
457585,149743089,,NV,N,1814.5,5.4,Isolated,40.34593,-115.40722
437868,92493324,,TX,N,514.2,1.6,DrainageLk,30.50609,-99.79023
147596,135653180,,VA,N,56.4,1.2,Headwater,37.44105,-77.4877
196616,138375091,,FL,N,2.5,1.4,Isolated,25.83778,-80.23667
285350,125452524,,MS,N,26.6,1.8,Isolated,32.5287,-90.87088
122257,106372480,,MN,N,414.9,1.7,Isolated,48.14663,-92.82726
171055,107158021,,GA,N,117.3,1.1,Drainage,33.81953,-82.47901
23482,154314819,,IL,N,134.3,1.2,Isolated,40.62286,-89.65368
346073,126572829,,NE,N,1051,1.2,Drainage,42.76918,-103.08089
304001,{fdfb15ad-8672-4f0c-a68a-87e6c64e9328},,LA,N,-0.1,29.7,Headwater,30.26868,-93.22425
96761,152708012,,MI,N,249.4,2.8,Drainage,42.89193,-85.30431
355729,128456498,,NE,N,372.1,2.6,Headwater,42.77768,-98.07871
16613,113132739,,NY,N,106.5,2.1,DrainageLk,43.27876,-76.62582
302794,{c858d8f3-d7ae-4623-bdfd-e81f2a29e294},,LA,N,1.8,3.7,Isolated,29.94132,-91.72503
130197,106372016,,MN,N,347.5,1.2,Drainage,48.35707,-93.35519
189788,112695334,,FL,N,17.2,1.5,Isolated,29.39551,-82.44322
47194,145211430,,IN,N,260.9,8.6,Drainage,39.43241,-85.57442
204101,68085229,,FL,N,42.2,2.2,Isolated,28.11933,-81.90467
255540,BBB7F6DB-3F38-4D56-8D2F-1C457C2C77DD,,MS,N,58.9,9.1,Drainage,30.85558,-89.7083
67442,141636484,,OK,N,227.2,1.2,Drainage,36.83579,-94.82109
137785,45380160,,MN,N,375,1.8,Isolated,45.81439,-94.84706
360616,128075980,,CO,N,1531.7,4.1,Isolated,40.61721,-105.1238
879,123166123,Wauhob Lake,IN,N,243.4,7.9,Drainage,41.53408,-87.04197
128712,82815748,Middle Bayou,MI,N,180.9,7.9,Drainage,44.02719,-86.45343
165224,122333807,,SC,N,221.9,2.4,Drainage,34.55098,-82.30696
344541,128617765,,SD,N,691.9,1,Drainage,44.26666,-101.32796
430002,101230633,,TX,N,352.9,2.4,Drainage,32.44887,-98.32423
287703,154112461,Mound Crevasse,MS,N,37,32.4,Isolated,33.58646,-91.13145
50384,59751387,,MN,N,347.8,2.5,Isolated,46.03026,-94.41979
385918,131472754,,OK,N,218.4,1.1,Isolated,36.18731,-95.80727
288946,62758163,Utley Lake,AR,N,36.5,2.8,Headwater,33.75528,-92.85923
300913,{1C49886F-3F1B-4365-8EA1-FE179CE63FC3},,LA,N,79,9.1,Drainage,30.94537,-91.33245
135385,81000605,Tremolo Lake,MN,N,462.2,11.9,Isolated,47.88942,-91.33064
256014,5A9658EF-D0FB-4833-AAA1-7BFD8B00A3CF,,LA,N,0,2.6,Isolated,30.2177,-89.61478
113077,{86A22584-115B-4D06-A57D-FDF66B7DFB50},,NJ,N,2.2,9.8,Isolated,39.23112,-74.69711
127753,139260492,,WI,N,266.7,1.8,Isolated,43.96239,-87.88617
47722,164156218,,KS,N,286.8,1.6,Isolated,37.44493,-94.67941
294831,{575bae6e-3e09-421e-bcbf-bb7c870b896a},,LA,N,17.6,1.1,Drainage,31.84882,-91.44464
477752,135186271,,CA,N,224.4,1.1,Isolated,36.2206,-120.27979
344191,146593584,,ND,N,603.1,1.1,DrainageLk,46.33207,-99.59424
156249,46361630,,NC,N,230.4,1.2,Headwater,36.31519,-79.68374
346568,128639403,,SD,N,725.6,2.3,Drainage,43.9531,-101.85698
85862,155068083,,IA,N,250.2,6,Drainage,42.39589,-92.24244
433109,94292560,,TX,N,100.5,1.3,Drainage,30.50899,-96.59749
132796,{0CE5A3E8-99C9-4398-A152-3CFE470AB51B},,NY,N,146.5,1.9,Isolated,42.92867,-76.86983
424919,94897443,,TX,N,1.5,1.1,Isolated,29.5933,-94.69989
69518,136688813,,RI,N,17.2,1.1,Drainage,41.53461,-71.14173
61833,84589323,,MN,N,419.6,2,Drainage,44.45514,-95.98873
103072,155473313,,IN,N,130.9,4.3,Drainage,39.01638,-87.55946
464578,131931609,,NV,N,1895.3,2.5,DrainageLk,41.67937,-115.76355
63,81002293,August Lake,MN,N,468.5,75.7,DrainageLk,47.76305,-91.60831
104999,147104040,,MI,N,223.5,2.3,Isolated,43.13246,-83.59425
197765,138375090,,FL,N,0.4,201.1,Isolated,25.84829,-80.3472
39758,123055724,,OH,N,324.4,1.8,Isolated,41.25484,-81.26341
41651,47725435,,NY,N,565.9,2.2,Drainage,43.28263,-74.46868
135525,121630039,,IL,N,272.7,1.9,Isolated,42.10843,-88.37978
131728,152116071,Thoreau Pond,OH,N,287.4,3.4,Drainage,40.07403,-82.86897
196812,138369857,,FL,N,1.9,1.1,Isolated,26.52422,-80.09646
462754,153010470,,WA,N,301.8,1.6,Headwater,46.57806,-120.44111
300097,133391122,,LA,N,66.8,1.7,Headwater,30.924,-91.22925
325024,56774135,,MT,N,2787.9,1.1,Headwater,45.00441,-109.68295
131736,152020042,,OH,N,308.1,3,Drainage,40.19575,-81.07714
60267,89363461,Jackson Pond,NY,N,489.9,16.3,Drainage,43.87305,-74.23435
299223,46B9B7B7-A930-47C7-9699-D138DBDDD9C3,,LA,N,5.8,2.1,Drainage,30.38779,-91.0691
61911,152373098,,WI,N,486.3,4,Isolated,45.27382,-89.10466
160295,142755922,,SC,N,224.1,1.2,Drainage,35.04161,-81.75035
182065,80227885,,GA,N,90.4,1.1,Drainage,31.71058,-83.02237
65465,122985688,,MA,N,290.1,1.3,Headwater,42.38372,-73.24333
478536,145017734,,CA,N,199.3,1.2,Drainage,37.79547,-120.59671
63734,{E9582228-BF4D-40D1-96CE-5947B7604ACB},Fortier Pond,VT,N,163.3,1.1,Headwater,43.77847,-73.24322
248817,121583015,,MS,N,74.8,2.5,Isolated,33.62162,-88.90092
29491,47719963,,MN,N,406.2,1.1,Isolated,47.35292,-93.68901
196094,{093B17CE-2BD1-4394-A4EE-BF7ACE857C27},,FL,N,19.8,1.2,Isolated,28.23983,-81.32267
345973,144350938,,SD,N,531.3,1.8,Drainage,43.96649,-99.65324
121344,135908870,,NH,N,123,1.3,Headwater,43.20492,-71.59116
121794,155855837,,IN,N,117,4.3,Drainage,38.36634,-87.73502
289948,{b7118ba0-cdc4-4a16-bfb4-07de2429f150},,LA,N,22.7,1.9,Isolated,32.77996,-91.95413
147071,{7E19E93F-600D-4437-8EF8-9929661E15DF},,VA,N,4.8,7.2,Isolated,38.21471,-77.22968
351708,145087803,,SD,N,600.3,2.1,Isolated,45.62439,-97.23172
88016,121628063,,IL,N,240.2,1.4,Isolated,42.22318,-88.13627
317787,52417880,Minnie Lake,MT,N,2519.4,1.3,Isolated,44.9314,-111.33467
338131,147890078,,ND,N,587.2,7.2,Isolated,46.0202,-99.2377
137430,121545260,Lake One,MN,N,413,9.4,Isolated,46.79362,-96.19509
118682,59719973,Round Lake,MN,N,407.4,25.9,Isolated,46.87151,-94.30926
357001,145092905,,SD,N,552.5,1.1,Isolated,45.23174,-97.44621
320272,78389199,,MT,N,1636.6,1.7,Drainage,46.59275,-110.51655
456456,72140203,,UT,N,3009.4,1.3,Isolated,40.72396,-110.95129
315113,143395164,,ND,N,443.4,7.5,Drainage,48.42731,-99.19818
300606,133390369,,MS,N,78.3,1.4,Headwater,31.06328,-91.40895
466452,41300196,White Cap Lakes,ID,N,2104.3,12.9,Drainage,45.91714,-114.45159
78359,59805609,,MN,N,450.3,1.2,Isolated,47.0277,-95.05877
26491,91689157,,WI,N,289.6,1.2,Isolated,45.11622,-92.59714
16198,107433441,,MO,N,241.1,2.4,Isolated,38.34198,-93.89711
435450,95959555,,TX,N,24.4,1.1,Drainage,29.61982,-95.78961
276257,{AABEBFC8-F0FB-4512-B276-3768B36E61EF},,WI,N,196.9,204.3,Isolated,44.03528,-91.53361
167808,47120508,,GA,N,79.2,1.3,Drainage,33.00914,-82.46207
11496,145331332,Green Lake,MI,N,282.4,68.6,Drainage,42.5931,-83.41924
36635,56942770,Ohio Power Company Pond 9515-002,OH,N,266.3,6.2,Drainage,39.73686,-81.72591
466719,148979169,,OR,N,796.6,2.5,Headwater,44.98895,-121.41853
460175,81309355,,MT,N,1533.6,1.9,Drainage,46.62999,-112.66754
93441,91380647,,MO,N,276.8,1.4,Drainage,38.84907,-94.06559
33050,145082265,Merrill Pond,ME,N,120,1.9,DrainageLk,45.35853,-68.28525
249924,{9efb2aa0-d6d9-4b63-a8a8-4400f51ef63f},,MS,N,1.6,30.7,Isolated,30.36104,-88.49741
429826,100992310,,TX,N,618.6,1.6,Drainage,32.47064,-100.20778
459547,60175810,Tom Poole Lake,MT,N,1043.7,2.9,Drainage,48.59545,-115.60453
384059,51968670,,KS,N,272.2,1.2,Isolated,37.35567,-96.03755
454450,123667829,,AZ,N,420.7,2,Isolated,32.91354,-111.76074
278586,125006381,,TN,N,110.8,1.3,Isolated,35.60771,-89.02991
431670,97753535,,TX,N,54.9,13.8,DrainageLk,30.50641,-96.15571
353602,145090756,,SD,N,552.7,3.8,Isolated,45.31826,-97.61111
127396,34131209,,MN,N,283.2,1.4,Isolated,44.93594,-93.00066
473003,148603418,,OR,N,1486,10,Drainage,42.81404,-120.38541
258065,155404688,,MI,N,241.4,1.2,Isolated,43.26462,-82.71265
385634,34712002,,KS,N,267.2,1.4,Isolated,37.25362,-94.94887
412957,104007893,,TX,N,7.7,9.9,Isolated,30.23339,-93.828
233280,122184385,,FL,N,11.4,2.2,Isolated,30.23051,-85.58943
39731,155404779,Petz Lake,MI,N,241.2,5.7,Drainage,43.04451,-82.99655
78202,{EEB07F82-77C2-46D9-85F1-402D67665EE5},,VT,N,363.9,2.1,DrainageLk,44.69837,-72.09489
185535,112612122,,FL,N,25.3,1.4,Isolated,28.7272,-81.89309
348552,149705190,,NE,N,1144,3.8,Isolated,42.4695,-102.00079
331313,143746742,,ND,N,718,2.6,Isolated,48.53458,-102.4003
322713,140717652,,MT,N,831.5,1.6,Headwater,48.48364,-110.17364
148735,62587620,,VA,N,98.6,1.4,Headwater,37.69642,-77.74578
163676,149801713,,SC,N,21.9,17.6,DrainageLk,33.53061,-80.4197
419733,115379343,Fails Lake,TX,N,82.9,1.7,Drainage,30.78329,-95.69294
443796,128823800,,TX,N,0.5,1.3,Isolated,27.53181,-97.26656
329540,132706204,,MT,N,885.6,4.2,Drainage,46.74605,-106.99516
144615,61382495,,VA,N,33.5,1.5,Drainage,38.01956,-77.15132
122377,135909501,,NH,N,113.1,1.1,Isolated,43.05974,-71.65658
87912,47481357,,WI,N,302.4,9.7,Isolated,46.14122,-91.94162
196709,138370446,,FL,N,5.6,1.1,Isolated,26.44769,-80.17263
249277,{1693ED32-C0DE-487E-A79A-BCDC09FF4B14},,AL,N,36,12,Drainage,32.82811,-87.7401
225735,36518357,,GA,N,29.4,3.6,Isolated,30.95336,-84.79952
463400,56465049,,ID,N,1387.9,1.2,Isolated,43.24265,-112.22967
236294,ca791e2c-ad4e-46e0-962f-b05d230662af,,AL,N,58,6.3,Isolated,32.36693,-87.37244
321665,{BBDB800F-15BD-404C-B1E1-D548BFF26B16},,MT,N,1005.9,15.4,Isolated,48.9799,-110.76729
470330,122482166,Croft Lake,OR,N,3.6,24.3,Drainage,42.98269,-124.45218
6784,43497764,White Birch Lake,NY,N,395.8,12.6,Headwater,42.04018,-75.63663
6854,121627799,Silver Lake; SILVER (MCHENRY),IL,N,243,17.7,Drainage,42.24476,-88.24841
371042,34384106,,KS,N,320.3,1.6,Drainage,38.93591,-95.79005
123870,152856625,Elk Creek Lake,OH,N,295,1,Headwater,39.59016,-84.45275
381034,130256355,,OK,N,326.1,1.6,Drainage,36.56656,-97.57347
116012,104516700,,KS,N,250.6,3.2,Drainage,37.03402,-94.76522
27730,81003601,,MN,N,515.7,2,Isolated,47.66676,-91.58178
399158,145266166,,OK,N,310.8,1.8,Isolated,34.41782,-97.95088
375322,45479043,,MO,N,210.6,1.4,Drainage,38.94083,-92.59162
81507,59723171,,MN,N,413.5,1.2,Isolated,46.73507,-94.28012
201032,83709961,,FL,N,4.3,1.7,Isolated,26.739,-81.45688
301439,{27f44369-42cc-4d4c-a294-fe979f106800},,LA,N,4.7,2.7,Isolated,30.25842,-92.70901
115892,121838948,,MN,N,403.4,2.1,Isolated,47.24978,-95.81644
54703,122546182,,SD,N,585.5,1.1,Isolated,45.76562,-97.29539
241388,89502771,,AL,N,223.5,1.7,Drainage,33.64243,-86.4503
177136,80213445,,GA,N,104.8,1.9,Headwater,32.46777,-83.81519
325960,56773879,,MT,N,2787.3,2.9,Drainage,45.0049,-109.68966
267006,{3075d9fe-4219-4ea9-8454-32e7bacdac4c},,IN,N,160.6,7.4,Drainage,39.11634,-87.0603
435842,96379527,Lake E V Spence; E V Spence Reservoir,TX,N,578.7,2715.7,DrainageLk,31.92539,-100.56222
18038,155068200,,IA,N,247.3,2.1,Drainage,42.35807,-92.21538
42589,77016079,,MO,N,194.3,1.9,Headwater,39.29187,-93.27008
448839,37156387,,TX,N,120.1,1,Headwater,27.14745,-99.39734
426161,120027592,,TX,N,2.3,23.1,Isolated,29.96658,-93.94928
475869,105943548,Lake Natoma,CA,N,41.3,212.2,DrainageLk,38.64259,-121.20048
218705,80529037,,GA,N,126.1,1.2,Headwater,31.71987,-83.68066
439835,110456497,,TX,N,167,1.8,Isolated,29.39322,-98.29785
426391,127147413,,TX,N,7.6,4.4,Isolated,29.26941,-95.29923
93281,44745965,Saint Marys Lake; Seminary Lake,MO,N,172.1,5.4,Drainage,37.72176,-89.89723
412056,127275894,,TX,N,77.5,1.5,Drainage,32.3972,-94.65527
5730,135999032,Barrett Pond,NH,N,404.9,5,Headwater,43.07193,-72.0595
11204,123006953,,CT,N,22.6,1.3,DrainageLk,41.68424,-72.66884
354891,145094511,,SD,N,554.2,2.1,Isolated,45.14841,-97.80842
67457,145082001,,ME,N,138.8,1.4,Drainage,45.61154,-68.0209
12662,145218886,,IN,N,297.8,2.3,Drainage,39.03794,-85.25363
392409,86002720,,OK,N,147.9,1.4,Isolated,35.23678,-94.7925
118763,82553536,,MN,N,398.8,9,Drainage,46.13123,-95.86156
215755,80537597,,GA,N,83.9,2,Headwater,31.20544,-83.61011
132173,151716367,,ME,N,21.7,1.2,Drainage,44.70919,-67.53958
123412,151717075,,ME,N,50.1,3.3,Drainage,44.68298,-68.0982
390271,130549028,,OK,N,220.4,1.1,Headwater,35.50968,-96.06943
153492,103388751,,NC,N,36,2.9,Headwater,35.86305,-77.69954
76637,165384273,,KS,N,262.3,1.1,Isolated,37.89871,-94.78057
211695,167165343,,FL,N,3.3,1,Isolated,27.5431,-82.4121
186466,167271547,,FL,N,5.6,1,Isolated,27.61023,-80.45164
135152,04cdb370-f53a-4c86-b37d-8abad69b34bb,,NJ,N,0.8,1,Isolated,38.93657,-74.9493
446594,69376112,,TX,N,507.2,2.2,Drainage,29.7281,-99.61924
4746,139268599,Crooked Lake,WI,N,305.4,37.9,Drainage,43.62303,-88.15644
140007,131846520,,NY,N,252.1,1,Headwater,43.61102,-75.35854
206452,78592479,,FL,N,30.8,4.8,Isolated,28.02155,-81.8535
158744,110970396,,NC,N,149.5,2.1,Headwater,35.10164,-79.73244
445029,101086722,,TX,N,8.1,8.2,Isolated,27.30975,-97.78588
182416,88997181,,GA,N,64,1.4,Isolated,31.76599,-82.5186
421773,101724997,,TX,N,309.5,1,Drainage,32.97875,-97.74976
199729,{20770B61-95BB-4D8F-9BB8-ABD22554DFD0},,FL,N,4.2,1.2,Isolated,26.28613,-81.51455
185041,107815277,,FL,N,7.6,1.1,Drainage,28.64341,-81.18149
398375,148317036,Oknoname 067011 Reservoir,OK,N,300.3,3,Drainage,34.23299,-97.92061
171552,61321768,,GA,N,33.8,1.2,Isolated,32.42233,-81.66879
120188,77032949,,KS,N,291.4,1,Isolated,38.87815,-94.70884
61752,59811945,,MN,N,394.9,1.6,Isolated,46.412350000000004,-94.88502
200060,135207145,,FL,N,-0.3,1.1,Drainage,25.31639,-80.96081
450056,70226983,,CO,N,1737,2.7,Isolated,38.5202,-107.96681
438876,92533171,Soil Conservation Service Site 38a Reservoir,TX,N,537.2,9.3,Drainage,31.82063,-99.44417
416660,62130109,,TX,N,113,1.6,Isolated,32.58935,-96.53201
143335,41387809,Mountain Lake,VA,N,466.9,1.5,Drainage,37.99903,-79.02693
278422,127636319,,MS,N,103.7,1.3,Isolated,34.97089,-89.96605
473186,147549947,Kern Reservoir,OR,N,1405.1,41.6,Drainage,42.91582,-118.77903
140522,106352057,,MN,N,385,1.1,Isolated,48.36866,-92.70785
459310,63758771,Upper Cold Lake,MT,N,1791.4,23.2,Drainage,47.55724,-113.90246
70798,121859132,Horseshoe Lake,MI,N,366.9,11.4,Isolated,43.96873,-85.39086
291275,{5235a811-f237-4303-bdab-12878c7a893a},,LA,N,13.9,2,Isolated,31.50187,-91.73491
236840,167743360,,AL,N,316.7,3.1,Drainage,33.28408,-85.827
1604,107514008,Lax Lake,MN,N,387.6,117.6,Drainage,47.34468,-91.29883
430019,101221433,,TX,N,253.9,1.1,Drainage,32.57259,-98.23486
313958,143398085,,ND,N,447.3,1.3,Isolated,48.2918,-99.23568
261683,37795089,,KY,N,159.6,1.3,Drainage,37.43634,-86.82185
395548,137693880,,OK,N,209.6,1.3,Drainage,34.06306,-96.64612
139707,37648705,UNNAMED (VALLEY),MN,N,284.5,3,Headwater,44.71515,-93.20897
394693,137895024,,TX,N,688.6,1,Drainage,35.05357,-100.46662
481124,56653685,,CA,N,0.5,1.1,Isolated,37.53503,-122.23632
11873,121631553,,IA,N,385.2,1.4,Isolated,43.4396,-93.41569
252084,113800655,McCrea Dead River,MS,N,10,22.6,Drainage,30.82835,-88.74711
253689,146488466,Lake Mary Crawford,MS,N,79.9,57.6,Drainage,31.57671,-90.15886
389529,106310210,Crystal Beach Lake,OK,N,580.6,4.4,Drainage,36.42408,-99.37292
270868,36757230,,KY,N,170.7,2.1,Drainage,38.05344,-85.4161
414099,111758309,,TX,N,12.5,1.4,Isolated,30.09858,-94.27956
59087,153912308,,IA,N,395.4,1.2,Drainage,41.77667,-95.20008
126753,73026543,Bass Lake,WI,N,339.9,14.2,Isolated,46.51174,-91.3785
437154,109777855,,TX,N,143.7,2.4,Isolated,30.32047,-97.28372
377386,45842128,,KS,N,412.4,1.4,Drainage,37.49701,-96.76374
67730,151870728,,MI,N,224,3.7,Isolated,42.96619,-84.57061
239470,89501783,Weaver Pond,AL,N,233.1,2.8,Headwater,33.73527,-86.50034
407796,{935248bb-6e3d-47f3-b459-36f0f45119b1},,LA,N,57.1,1.8,Isolated,32.25751,-93.69116
192472,125941120,,FL,N,2,1.1,Headwater,30.36537,-81.45588
237023,136273675,Lower Lake,GA,N,194.6,9.3,Drainage,34.44029,-85.34448
23330,69549333,Footes Lake,WI,N,360,22.2,Drainage,45.55492,-92.26667
185652,112617188,,FL,N,29.5,9.8,Headwater,28.59709,-81.78616
159575,146906025,Hamlet City Lake; City Lake,NC,N,85.1,16.2,DrainageLk,34.88571,-79.68938
481251,43047589,,CA,N,0,2.1,Isolated,38.18482,-122.1113
67425,45468493,,MO,N,233.6,1.4,Isolated,39.07391,-92.29661
479958,77256455,,CA,N,3298.6,10.2,DrainageLk,37.14943,-118.7228
299984,149390266,,LA,N,34.4,1.3,Drainage,30.66279,-90.33199
354475,145087485,,SD,N,607.6,3.2,Isolated,45.668,-97.24491
76199,47710431,,MN,N,401.8,1.6,Isolated,47.53194,-94.17158
301101,{B8710A36-17A6-4C75-B81F-F06E70376425},,LA,N,65.1,1.6,Drainage,30.81273,-90.54308
25391,120018693,Thompson Lake,MN,N,374.8,60.9,Isolated,45.90624,-95.80989
29800,81000595,,MN,N,545.8,2.8,Drainage,47.87902,-90.97395
371109,44645467,,KS,N,302.6,2.2,Drainage,39.3483,-95.40723
145569,61498831,,VA,N,150.4,1.3,Headwater,37.26398,-78.25702
463184,73649439,,ID,N,1676.8,16.8,Drainage,42.20517,-115.00173
182027,95802961,,GA,N,70.8,2.3,Drainage,31.46798,-83.05216
349523,150497695,,NE,N,1065.5,3.5,Isolated,42.84032,-101.96678
215381,113649197,Dinner Pond,FL,N,22.1,8.7,Isolated,29.67041,-82.719220000000007
372059,34371848,,KS,N,340.7,1.4,Headwater,39.33444,-95.33071
119712,81639383,,MN,N,282,1.5,Isolated,45.57375,-93.3928
483012,27916786,Jackson Lake,CA,N,1870.4,2.5,Drainage,34.39217,-117.72632
58781,34291281,,MN,N,401.4,1.3,Isolated,43.63318,-92.37836
69640,56413455,,PA,N,139.3,1.6,Isolated,40.34099,-76.44756
51180,152517854,,MI,N,266,4.1,Isolated,42.44217,-85.04401
87640,124501175,,NY,N,113.1,6.4,Headwater,43.20616,-75.71155
293784,{1A6BB583-B37D-4EE2-B0E4-57E7D95CCCDC},,AR,N,50.9,1.3,Isolated,33.71438,-91.90257
386524,149829284,,OK,N,260,1.1,Headwater,36.87662,-95.75084
135730,59747555,Johnson Lake,MN,N,388.9,6.7,Drainage,46.44037,-93.54236
278399,124623708,,TN,N,131,1.1,Isolated,36.32787,-88.48319
173627,95793855,,GA,N,61.6,2.9,Isolated,31.56294,-82.54221
165922,60892127,,SC,N,3,2.9,Isolated,33.05964,-79.83611
22291,151949156,,WI,N,376.4,4.2,Isolated,45.60776,-91.6463
191002,112680822,Mariner Lake,FL,N,24.2,45.6,Isolated,29.64334,-81.88961
282746,55350337,,AR,N,109.3,1.7,Drainage,35.36025,-90.70748
327249,104431519,,MT,N,965.1,1.3,Drainage,45.79398,-107.44647
223246,129757368,,FL,N,2.3,7.9,Isolated,30.13473,-84.07978
305149,{2e410f83-c826-4d8d-a3da-959d8ee2a293},,LA,N,8.1,1.7,Isolated,30.30156,-92.5305
99701,167667998,,NJ,N,29.9,5.3,DrainageLk,39.9006,-74.53582
53745,155095751,,IA,N,268.4,6.9,Isolated,42.07902,-92.99523
312590,143190480,,ND,N,466.1,7.1,Isolated,48.29413,-100.10434
197691,{88250F78-37B3-4EC8-9D71-830511C41561},,FL,N,1,6.9,Isolated,25.44977,-80.40537
166226,47125980,,GA,N,74.8,3,Headwater,32.72769,-82.24168
235692,38950791,,FL,N,69.1,1.4,Headwater,30.98167,-87.42018
393283,64320522,,AR,N,422.5,1,Isolated,35.96312,-94.46795
314979,{B4784508-C272-4E95-B4B3-11D7F2600FD5},,MN,N,455.6,26.3,Drainage,47.53318,-95.55966
291082,{cc83baf7-2caf-4555-be73-1200217e9bee},,LA,N,12.6,1.3,Drainage,31.4263,-92.11331
455585,46858685,Hayden Lake,UT,N,3180.1,1.4,Isolated,40.73285,-110.88734
354846,148620777,,SD,N,392.5,15.2,DrainageLk,45.87647,-98.20828
365027,154575392,,NE,N,761.9,1.5,Isolated,42.18688,-99.64214
267900,{829f847f-c28f-4fc1-a12f-f57190d5c075},,IN,N,224.7,1.8,Drainage,39.67927,-86.40961
147523,66980220,,VA,N,143.6,1.8,Drainage,38.7505,-77.86935
234771,74557144,Halls Pond,AL,N,106.7,3.5,Headwater,31.64227,-86.29013
183983,84141932,,GA,N,64.6,1.1,Drainage,32.17462,-82.31949
20363,120019250,Nickel Lake,MN,N,455.5,9.5,Drainage,47.8287,-91.63243
187934,{2BB585F3-11CB-4B42-8A45-F8B340505C66},,FL,N,5.8,1.7,Isolated,30.45138,-81.70032
303004,147931333,,LA,N,4.1,1.3,Isolated,30.26956,-93.36324
404547,61950595,,LA,N,28.7,1.5,Headwater,31.52886,-92.89446
213656,80532155,,GA,N,117.5,1.4,Isolated,31.46977,-83.71861
461328,147577476,Scanlon Lake,WA,N,701.6,6,Drainage,48.54154,-119.5819
108847,127633677,,MA,N,4.4,1.3,Isolated,41.80555,-71.27966
50757,90769723,Lauchoh Lake,MN,N,397.6,20.5,Drainage,47.69362,-93.65692
423766,108213206,,TX,N,14.1,1,Headwater,30.04021,-95.1886
19117,155495170,Jackson Lake; Golden Lake,IA,N,179.1,27,Isolated,42.19811,-90.34955
110002,107073270,Sullivan Lake,MN,N,481.4,12.6,Headwater,47.23649,-92.06885
396792,145264637,,OK,N,342.3,1.4,Drainage,34.52519,-98.01339
90960,91595847,,MN,N,213.1,1.5,Isolated,44.7908,-93.4034
252013,124062993,,MS,N,79.4,1.9,Isolated,31.71964,-88.96734
174915,79505220,,GA,N,99,1,Headwater,32.69418,-82.79778
437949,92594906,,TX,N,461,17.8,Drainage,31.25688,-99.09097
465674,41300082,Emerald Lake,ID,N,2140.9,11,Drainage,45.9645,-114.60544
95771,82817974,Triple Lakes,MI,N,240.4,10,Drainage,43.73595,-85.92927
348741,150501978,Lane Lake,NE,N,1179.5,41.9,Isolated,42.05953,-102.52824
355130,145087935,,SD,N,559.8,3.4,Isolated,45.60349,-97.32796
252993,{ebbfc9d9-d1dc-49da-9a33-3fd6dd24c92c},,MS,N,161,1.4,Drainage,32.72428,-88.91815
330345,143749200,,ND,N,681.7,6.8,Isolated,48.46771,-102.05426
348384,84003b4e-d87b-464e-ad69-dad0e936d418,,NE,N,612.8,1.1,Drainage,42.92149,-99.42603
159322,151024958,,NC,N,223.9,1.1,Drainage,35.28283,-80.78235
430128,99544039,,TX,N,203,1.2,Drainage,32.06608,-97.31983
5430,70331183,Hunter Lake,WI,N,502,70.8,Isolated,46.00354,-89.3221
417838,93984682,Bess Lake,TX,N,89.6,6.1,Drainage,31.51846,-95.89916
64802,57418597,,OH,N,210.9,1.3,Drainage,39.12583,-82.02606
412383,103986693,,LA,N,117.1,1.8,Isolated,31.47929,-93.47645
74511,129557452,,NE,N,325.8,2.2,Drainage,40.91305,-95.90641
236613,{A37CD334-E386-40CE-A2D1-51D623058E0C},,AL,N,48.3,4.8,Isolated,32.45844,-86.33255
230118,74283121,,GA,N,122.6,1.7,Isolated,31.82999,-84.42704
412885,127278124,,TX,N,141.7,4.5,Drainage,32.31969,-95.0408
317917,129590305,,MT,N,1288.5,1.1,Drainage,48.08417,-112.31697
275830,136558645,Stauffer Chemical Tailings Pond Number Seventeen,TN,N,196.5,9.1,Isolated,35.53777,-87.16923
451300,35205128,Lyman Lake,UT,N,2839.6,15,Drainage,40.93907,-110.61204
475509,84813092,,CA,N,1256.8,1.2,DrainageLk,41.12926,-121.15937
165103,130879828,,SC,N,68.2,4.4,Headwater,34.17826,-80.4814
44466,48807200,,IL,N,149.7,1.4,Drainage,37.74595,-88.81673
24753,150057062,Old River Slough,AR,N,77.5,2.6,Isolated,36.2596,-90.9523
365690,154576084,,NE,N,726,1.1,Isolated,42,-99.21552
393586,148521967,Oknoname 101020 Reservoir,OK,N,186.5,2.7,Drainage,35.69077,-95.16967
224001,55251343,,GA,N,236.4,1.2,Isolated,33.13366,-84.4851
410546,127274195,,TX,N,75.4,48.4,Drainage,32.44804,-94.73458
275648,{F9825FC8-DF2A-4E63-A6ED-E3DDAF369F78},,TN,N,136.4,4.2,Drainage,36.06226,-88.15755
45553,130996149,,MN,N,474.9,1.4,Headwater,43.75458,-96.3991
228509,146919308,,AL,N,96.9,1.8,Drainage,32.29625,-85.22041
327687,152877100,Houston Reservoir,WY,N,1652.3,10,Drainage,43.19999,-106.24589
74932,60091574,,MI,N,350.9,2.9,Headwater,44.04071,-85.59738
241152,4e5fe83c-2446-464e-a274-a80b6ecf815a,,AL,N,58.9,4.7,Headwater,32.38241,-87.37662
388192,129258339,,OK,N,326.4,1.4,Drainage,34.71373,-96.81219
447502,53279742,,NM,N,2118.9,2.6,Drainage,35.37906,-107.77287
303296,{0b0d9f16-4130-4fd1-82d9-6f2ef3b0da22},,LA,N,23.8,1.8,Isolated,31.29848,-92.54368
325505,56815661,,WY,N,2022.2,2.3,Isolated,44.84571,-109.60566
254657,8E871550-04AB-4CBB-95AB-7D7265EF7E0C,,MS,N,32.4,1.9,Drainage,30.66725,-89.77935
452674,58225718,East Carroll Lake,UT,N,3420.3,3.4,Headwater,40.71887,-110.34514
133690,107117812,,MN,N,471.7,6.5,Isolated,46.20368,-95.46678
304042,{a40f9ec5-2bf9-44f8-96e6-77ecb155f05e},,LA,N,0.3,1.5,Isolated,29.96632,-93.0917
71007,80003697,Ox Hide Lake,MN,N,410.8,47.6,DrainageLk,47.34193,-93.21216
73810,152512327,,MI,N,441.1,1.9,Drainage,46.39838,-87.78747
193744,135207786,,FL,N,-0.3,42.8,Drainage,25.2797,-80.93339
202051,{305A77AB-0BB7-43E2-805B-D1ED1F660533},,FL,N,1.1,1.5,Isolated,26.23712,-81.7287
167524,61325154,,GA,N,13.4,1.5,Drainage,32.17612,-81.48243
241397,89502749,Clayton Lake,AL,N,229.1,4.5,Headwater,33.63888,-86.40285
441704,110456465,,TX,N,183.5,2.5,Isolated,29.3945,-98.38267
